-- MySQL dump 10.13  Distrib 5.6.20, for osx10.7 (x86_64)
--
-- Host: localhost    Database: donbeto
-- ------------------------------------------------------
-- Server version	5.6.20

/*!40101 SET @OLD_CHARACTER_SET_CLIENT=@@CHARACTER_SET_CLIENT */;
/*!40101 SET @OLD_CHARACTER_SET_RESULTS=@@CHARACTER_SET_RESULTS */;
/*!40101 SET @OLD_COLLATION_CONNECTION=@@COLLATION_CONNECTION */;
/*!40101 SET NAMES utf8 */;
/*!40103 SET @OLD_TIME_ZONE=@@TIME_ZONE */;
/*!40103 SET TIME_ZONE='+00:00' */;
/*!40014 SET @OLD_UNIQUE_CHECKS=@@UNIQUE_CHECKS, UNIQUE_CHECKS=0 */;
/*!40014 SET @OLD_FOREIGN_KEY_CHECKS=@@FOREIGN_KEY_CHECKS, FOREIGN_KEY_CHECKS=0 */;
/*!40101 SET @OLD_SQL_MODE=@@SQL_MODE, SQL_MODE='NO_AUTO_VALUE_ON_ZERO' */;
/*!40111 SET @OLD_SQL_NOTES=@@SQL_NOTES, SQL_NOTES=0 */;

--
-- Current Database: `donbeto`
--

CREATE DATABASE /*!32312 IF NOT EXISTS*/ `donbeto` /*!40100 DEFAULT CHARACTER SET latin1 */;

USE `donbeto`;

--
-- Table structure for table `categorias`
--

DROP TABLE IF EXISTS `categorias`;
/*!40101 SET @saved_cs_client     = @@character_set_client */;
/*!40101 SET character_set_client = utf8 */;
CREATE TABLE `categorias` (
  `categoria_id` int(11) NOT NULL AUTO_INCREMENT,
  `nombre` varchar(200) DEFAULT NULL,
  PRIMARY KEY (`categoria_id`)
) ENGINE=InnoDB AUTO_INCREMENT=18 DEFAULT CHARSET=latin1;
/*!40101 SET character_set_client = @saved_cs_client */;

--
-- Dumping data for table `categorias`
--

LOCK TABLES `categorias` WRITE;
/*!40000 ALTER TABLE `categorias` DISABLE KEYS */;
INSERT INTO `categorias` VALUES (1,'Electricidad'),(2,'Librería'),(3,'Corralón y Pintura'),(4,'Motos y Autos'),(5,'Ferretería'),(6,'Sanitarios y Plomería'),(7,'Hogar y Electrónicos'),(8,'Navidad y Juguetes'),(9,'Riego'),(10,'Agro y Agro-Químicos'),(11,'Mercería, Pepelera y Bolsas'),(12,'Ropa y Accesorios'),(13,'Lencería dama'),(14,'Bijouterie y Accesorios'),(15,'Maquillaje'),(16,'Regionales'),(17,'Muebles de exterior');
/*!40000 ALTER TABLE `categorias` ENABLE KEYS */;
UNLOCK TABLES;

--
-- Table structure for table `clientes`
--

DROP TABLE IF EXISTS `clientes`;
/*!40101 SET @saved_cs_client     = @@character_set_client */;
/*!40101 SET character_set_client = utf8 */;
CREATE TABLE `clientes` (
  `cliente_id` int(11) NOT NULL AUTO_INCREMENT,
  `nombre` varchar(200) DEFAULT NULL,
  `fecha` date DEFAULT NULL,
  `saldo` int(11) DEFAULT NULL,
  PRIMARY KEY (`cliente_id`)
) ENGINE=InnoDB AUTO_INCREMENT=42 DEFAULT CHARSET=latin1;
/*!40101 SET character_set_client = @saved_cs_client */;

--
-- Dumping data for table `clientes`
--

LOCK TABLES `clientes` WRITE;
/*!40000 ALTER TABLE `clientes` DISABLE KEYS */;
INSERT INTO `clientes` VALUES (4,'Federico Suarez','2014-01-01',0),(5,'Eduardo Reales','2014-01-01',0),(6,'Negocio Las Juntas','2014-01-01',0),(7,'Finca Cerro','2014-01-01',0),(8,'Finca Basural','2014-01-01',0),(9,'Doña Alejandra','2014-01-01',0),(10,'Hugo Moreno','2014-01-01',0),(11,'Anibal Reales','2014-01-01',0),(12,'Cali','2014-01-01',0),(13,'Simona Carrizo','2014-01-01',0),(14,'Teófilo Dominguez','2014-01-01',0),(15,'Rosina Ríos','2014-01-01',0),(16,'Chuchi Carrizo','2014-01-01',0),(17,'Chavela Carrizo','2014-01-01',0),(18,'Marianela Carrizo','2014-01-01',0),(19,'Selva Moreno','2014-01-01',0),(20,'Sixta Moreno','2014-01-01',0),(21,'Loyola Agüero','2014-01-01',0),(22,'Alfonso Agüero','2014-01-01',0),(23,'Noelia Villagra','2014-01-01',0),(24,'Balbín Arancibia','2014-01-01',0),(25,'Marcela Huerta','2014-01-01',0),(26,'Bernabel Villagra','2014-01-01',0),(27,'Esmirio Carrizo','2014-01-01',0),(28,'Elvio Moreno','2014-01-01',0),(29,'Carlos Moreno','2014-01-01',0),(30,'Carlos Campal','2014-01-01',0),(31,'Mabel Villagra','2014-01-01',0),(32,'René Yiapura','2014-01-01',0),(33,'Petrona Moreno','2014-01-01',0),(34,'Oscar Ramos','2014-01-01',0),(35,'Paola Agüero','2014-01-01',0),(36,'Graciela Carrizo','2014-01-01',0),(37,'Luis Yiapura','2014-01-01',0),(38,'Mari Coria','2014-01-01',0),(39,'Teodoro Moreno','2014-01-01',0),(40,'Darío Moreno (ex Policía)','2014-01-01',0),(41,'Bernardo Sanduay','2014-01-01',NULL);
/*!40000 ALTER TABLE `clientes` ENABLE KEYS */;
UNLOCK TABLES;

--
-- Table structure for table `histo_cargas`
--

DROP TABLE IF EXISTS `histo_cargas`;
/*!40101 SET @saved_cs_client     = @@character_set_client */;
/*!40101 SET character_set_client = utf8 */;
CREATE TABLE `histo_cargas` (
  `carga_id` int(11) NOT NULL AUTO_INCREMENT,
  `item_id` int(11) NOT NULL,
  `cantidad` int(11) NOT NULL,
  `costo_sin_iva` float DEFAULT NULL,
  `marcado` int(11) NOT NULL,
  `precio_venta` float DEFAULT NULL,
  PRIMARY KEY (`carga_id`)
) ENGINE=InnoDB AUTO_INCREMENT=286 DEFAULT CHARSET=latin1;
/*!40101 SET character_set_client = @saved_cs_client */;

--
-- Dumping data for table `histo_cargas`
--

LOCK TABLES `histo_cargas` WRITE;
/*!40000 ALTER TABLE `histo_cargas` DISABLE KEYS */;
INSERT INTO `histo_cargas` VALUES (3,7153,432,4.7,1,11.374),(4,7444,20,398.2,1,867.28),(5,7444,20,398.2,1,660.016),(6,7444,20,398.2,0,674.551),(7,7444,20,398.2,0,616.015),(8,7445,-50,334.84,1,765.896),(9,7445,-50,334.84,0,517.997),(10,7446,20,552.04,0,854.006),(11,7447,20,470.59,1,1024.4),(12,7445,20,334.84,0,517.997),(13,7435,2,0,0,0),(14,7435,2,1962.81,0,3325),(15,7441,0,2066,0,3499.8),(16,7649,2,0,1,0),(17,7434,0,1520.36,0,2575.49),(18,7439,2,74.38,1,162),(19,7440,0,28.92,1,69.9864),(20,7438,8,41.32,1,89.995),(21,7438,8,41.32,1,84.9952),(22,7436,0,345.45,1,710.591),(23,7651,0,0,1,0),(24,7651,0,7.96,1,14.9529),(25,7652,0,0,1,0),(26,7651,0,0,1,0),(27,7653,0,0,1,0),(28,7654,0,0,1,0),(29,7653,0,0,1,0),(30,7443,750,0,1,0),(31,7655,0,0,1,0),(32,7656,0,0,1,0),(33,7151,1200,2.72,1,6.5824),(34,7657,0,0,1,0),(35,7657,0,0,1,0),(36,7658,0,0,1,0),(37,7657,0,0,1,0),(38,7659,0,0,1,0),(39,7659,0,0,1,0),(40,7153,432,4.7,1,11.374),(41,7150,15,3,1,7.26),(42,7152,0,2.65,1,6.413),(43,7150,15,4.5,1,10.89),(44,7658,0,0,1,0),(45,7660,0,0,1,0),(46,6621,40,83.87,0,131.928),(47,6623,24,32.36,1,62.649),(48,7150,15,3.97,1,9.6074),(49,7150,15,3.97,1,9.6074),(50,7661,0,0,1,0),(51,7346,0,0,0,0),(52,7345,0,0,0,0),(53,7343,0,0,0,0),(54,7347,0,0,0,0),(55,7444,-87,398.2,0,607.215),(56,7444,-87,398.2,0,598.415),(57,7444,-87,398.2,0,602.815),(58,7446,20,552.04,0,841.806),(59,7446,20,552.04,0,817.406),(60,7446,20,552.04,0,793.005),(61,7446,20,552.04,0,796.055),(62,7445,-30,334.84,0,499.498),(63,7662,0,0,1,0),(64,7662,0,0,1,0),(65,7662,0,0,1,0),(66,7662,0,0,1,0),(67,6807,0,13.6,1,29.6208),(68,6807,0,13.6,1,32.912),(69,6806,15,11.43,1,30.4267),(70,6807,20,13.6,1,32.912),(71,6806,15,11.43,1,31.8097),(72,6806,15,11.43,1,33.1927),(73,7663,2,2696,1,4893.24),(74,7664,2,2029,1,3682.64),(75,7665,3,1714,1,3110.91),(76,7666,3,1276,1,2315.94),(77,7308,5,34.74,1,71.4602),(78,7667,4,159.78,1,290.001),(79,7667,4,159.78,1,328.667),(80,7308,5,34.74,1,71.4602),(81,7668,4,209.6,1,431.147),(82,7669,12,30.08,1,61.8746),(83,7670,3,103.95,1,213.825),(84,7671,3,139.31,1,286.561),(85,7108,3,127.27,1,261.794),(86,7671,3,139.31,1,286.561),(87,7292,4,178.69,1,367.565),(88,7671,3,139.31,1,286.561),(89,7672,3,209.91,1,431.785),(90,7673,100,2.23144,2,8.10013),(91,7674,100,3.14052,2,11.4001),(92,7675,3,32.975,1,63.8396),(93,7676,6,20.663,1,40.0036),(94,7677,1,20.663,1,40.0036),(95,7678,9,23.966,1,46.3982),(96,7679,10,28.928,1,56.0046),(97,6579,0,0,1,0),(98,7680,100,49.505,3,239.604),(99,7673,100,2.23144,3,10.8002),(100,7673,100,2.23144,3,9.45015),(101,7673,100,2.23144,3,9.99016),(102,7674,100,3.14052,3,13.3001),(103,7680,100,0.49505,3,2.39604),(104,6586,350,0.49505,3,2.39604),(105,7681,100,0.38846,3,1.88015),(106,7681,100,0.38846,3,1.88015),(107,7682,24,6.8575,1,13.2761),(108,6607,12,5.77075,1,11.8704),(109,7683,100,1.40498,3,6.8001),(110,7684,10,10.658,1,20.6339),(111,7685,8,22.724,1,43.9937),(112,7686,8,22.724,1,43.9937),(113,7685,8,22.724,1,43.9937),(114,7686,8,22.724,1,43.9937),(115,7684,10,10.658,1,20.6339),(116,7687,10,13.803,1,26.7226),(117,7688,5,13.633,1,26.3935),(118,7689,5,13.633,1,26.3935),(119,7689,5,13.633,1,26.3935),(120,7677,0,20.663,1,40.0036),(121,7683,97,1.40498,3,6.8001),(122,7690,15,4.133,1,10.0019),(123,7690,15,4.133,1,10.0019),(124,7691,25,2.689,2,8.13422),(125,7690,15,4.133,2,12.5023),(126,7692,6,16.08,1,35.0222),(127,6584,10,19.174,1,37.1209),(128,6571,0,0,1,0),(129,7693,6,14.46,1,29.7442),(130,6569,0,0,1,0),(131,7694,24,11.486,1,23.6267),(132,7694,24,11.486,1,23.6267),(133,7695,12,22.73,1,46.7556),(134,7696,4,23.556,1,48.4547),(135,7697,6,23.556,2,85.5083),(136,7696,4,22.73,1,46.7556),(137,7695,12,11.486,1,23.6267),(138,7694,24,6.282,1,12.9221),(139,7698,10,6.448,1,14.0437),(140,7699,6,13.169,1,27.0886),(141,7700,12,12.312,1,25.3258),(142,7701,24,6.365,0,8.47182),(143,7701,24,6.365,1,15.4033),(144,6603,0,0,1,0),(145,7702,20,8.057,1,19.4979),(146,6561,10,0,1,0),(147,6561,10,3.057,1,6.65815),(148,7703,100,3.057,1,7.39794),(149,7704,50,3.223,1,7.79966),(150,7705,12,5.374,1,13.0051),(151,6604,0,0,1,0),(152,7706,10,6.942,1,16.7996),(153,7707,10,6.942,1,16.7996),(154,7706,10,6.942,1,16.7996),(155,7708,10,6.942,1,16.7996),(156,7709,10,6.6118,1,16.0006),(157,7710,10,6.6118,1,16.0006),(158,7711,10,6.6118,1,16.0006),(159,7712,10,6.6118,1,16.0006),(160,7713,6,9.588,1,23.203),(161,7064,0,0,1,0),(162,7714,6,6.864,1,16.6109),(163,7715,20,0.6942,3,3.35993),(164,7716,2,86.063,1,166.618),(165,7717,6,17.04,1,35.0513),(166,7718,2,181.238,1,350.877),(167,7719,1,146.832,1,284.267),(168,7720,2,146.832,1,284.267),(169,7721,18,193,1,373.648),(170,7075,10,17,1,30.855),(171,7075,10,14.05,1,25.5007),(172,7076,10,14.87,1,26.989),(173,7076,10,14.87,1,26.989),(174,7075,10,14.05,1,25.5007),(175,7225,20,1.78,1,4.3076),(176,7226,10,2.09,1,5.0578),(177,7227,10,2.25,1,5.445),(178,7228,30,1.45,1,3.5206),(179,7723,30,1.5,1,3.63),(180,7724,10,2.69,2,8.13725),(181,7225,20,1.78,1,4.95374),(182,7226,10,2.09,1,5.81647),(183,7227,10,2.25,1,6.26175),(184,7228,30,1.45,1,4.04869),(185,7723,30,1.3,1,3.146),(186,7724,10,2.69,2,8.13725),(187,7725,6,6.55,1,18.2286),(188,7229,12,2.86,1,7.95938),(189,7230,20,2.39,1,6.65137),(190,7232,20,2.92,1,8.12636),(191,7231,20,1.93,1,5.37119),(192,7726,10,3.22,1,8.96126),(193,7727,10,3.22,1,8.96126),(194,7236,10,6.91,1,19.2305),(195,7234,6,8.09,1,22.5145),(196,7235,20,5.55,1,15.4457),(197,7233,11,6.62,1,18.4235),(198,7238,17,2.25,1,6.26175),(199,7237,20,1.51,1,4.20233),(200,7244,30,3.18,1,8.84994),(201,7728,10,4.31,1,11.9947),(202,7729,10,3.73,1,10.3806),(203,7243,20,2.25,1,6.26175),(204,7242,30,2.27,1,6.31741),(205,7730,6,9.41,1,26.188),(206,7255,10,2.69,1,7.48627),(207,7257,12,3.8,1,10.5754),(208,7263,4,9.99,1,27.8022),(209,7262,6,7.93,1,22.0692),(210,7262,6,7.93,1,22.0692),(211,7264,3,16.25,1,45.2238),(212,7264,3,16.25,1,39.325),(213,7266,6,25.02,1,60.5484),(214,7265,8,22.57,1,54.6194),(215,7731,3,466.91,1,960.434),(216,7075,40,11.24,1,21.7606),(217,7076,40,11.9,1,23.0384),(218,6628,12,17.22,1,41.6724),(219,7732,12,37.9548,1,73.4805),(220,6631,23,6.8341,1,19.0193),(221,6715,12,33.91,1,0),(222,6714,17,44.33,1,96.5507),(223,7026,0,0,1,0),(224,7733,10,25.1973,1,51.8307),(225,7025,2,167.667,1,324.603),(226,7734,0,0,1,0),(227,7734,0,0,1,0),(228,7025,2,167.667,1,324.603),(229,7025,2,167.667,1,324.603),(230,7105,1,42.76,1,87.9573),(231,7735,1,42.7609,1,87.9592),(232,6910,31,32.7411,1,79.2336),(233,7736,12,32.7411,1,79.2336),(234,6909,76,5.018,2,0),(235,6909,76,5.018,2,15.1795),(236,6909,76,5.018,2,18.2153),(237,7737,6,17.04,1,37.1131),(238,6709,3,394.28,1,675.303),(239,7417,2,189.52,1,418.839),(240,6865,4,68.6471,1,128.954),(241,6870,2,111.53,1,246.481),(242,6869,2,97.2309,1,214.88),(243,6619,0,0,0,0),(244,6620,0,0,0,0),(245,7738,6,20.9326,1,53.2002),(246,7739,4,61.7441,1,109.164),(247,7740,4,37.1046,1,82.0012),(248,7741,20,15.79,1,38.2118),(249,7071,2,230,1,406.64),(250,6868,2,109.4,1,241.774),(251,7391,43,3.98515,2,13.2108),(252,6854,43,3.98515,2,13.2108),(253,6659,45,5.6797,2,18.8282),(254,6929,1,12,1,0),(255,7742,6,38.7582,1,72.8073),(256,7743,3,111.259,1,196.706),(257,6711,2,436.37,1,723.283),(258,7744,2,458.97,1,833.031),(259,7069,0,0,1,0),(260,7745,4,66.3448,1,124.629),(261,6684,100,6.33,1,16.8505),(262,7746,16,7.6232,2,27.6722),(263,7746,16,7.6232,2,27.6722),(264,6884,60,9.21,1,18.945),(265,7747,10,87.1189,1,168.662),(266,7748,2,88.4189,1,171.179),(267,7749,3,102.893,1,199.201),(268,7750,3,91.7572,1,177.642),(269,7046,0,0,1,0),(270,7046,0,0,1,0),(271,7047,0,0,1,0),(272,7751,3,15.7099,1,30.4143),(273,7752,4,16.9455,1,32.8065),(274,7753,4,20.3873,1,39.4697),(275,7754,4,21.7997,1,42.2042),(276,7755,3,28.6838,1,55.5319),(277,7756,2,32.214,1,62.3663),(278,7757,10,12.82,1,24.8195),(279,7758,10,12.8232,1,24.8257),(280,7759,10,21.9843,1,42.5616),(281,7760,10,25.6457,1,49.6501),(282,7761,10,25.6861,1,49.7282),(283,7762,10,29.3078,1,56.74),(284,7763,10,31.1324,1,60.2723),(285,7764,10,34.847,1,67.4638);
/*!40000 ALTER TABLE `histo_cargas` ENABLE KEYS */;
UNLOCK TABLES;

--
-- Table structure for table `items`
--

DROP TABLE IF EXISTS `items`;
/*!40101 SET @saved_cs_client     = @@character_set_client */;
/*!40101 SET character_set_client = utf8 */;
CREATE TABLE `items` (
  `item_id` int(11) NOT NULL AUTO_INCREMENT,
  `descripcion` varchar(1000) DEFAULT NULL,
  `codigo_barras` varchar(100) DEFAULT NULL,
  `codigo_nuestro` int(11) DEFAULT NULL,
  `unidad` varchar(100) DEFAULT NULL,
  `costo_sin_iva` float DEFAULT NULL,
  `fecha_compra` date DEFAULT NULL,
  `marcado` float DEFAULT NULL,
  `precio_venta` float DEFAULT NULL,
  `condicion_mayorista` varchar(500) DEFAULT NULL,
  `descuento_mayorista` int(11) DEFAULT NULL,
  `ultima_modif_precio` date DEFAULT NULL,
  `stock` int(11) DEFAULT NULL,
  `costo_con_iva` float DEFAULT NULL,
  `categoria` int(11) DEFAULT NULL,
  `codigo_proveedor` varchar(100) DEFAULT NULL,
  `obsoleto` tinyint(1) DEFAULT NULL,
  `proveedor_id` int(11) DEFAULT NULL,
  `porcent_ult_mod_precio` int(11) DEFAULT NULL,
  `iva` float DEFAULT NULL,
  `depende_id` int(11) DEFAULT NULL,
  `fraccion` float DEFAULT NULL,
  `pag_iva` tinyint(1) DEFAULT NULL,
  PRIMARY KEY (`item_id`)
) ENGINE=InnoDB AUTO_INCREMENT=7765 DEFAULT CHARSET=latin1;
/*!40101 SET character_set_client = @saved_cs_client */;

--
-- Dumping data for table `items`
--

LOCK TABLES `items` WRITE;
/*!40000 ALTER TABLE `items` DISABLE KEYS */;
INSERT INTO `items` VALUES (6561,'Birome BIC Dolche (cualquier color)','0',100720,'unidad',3.057,'2016-02-20',0.8,6.65815,'0',0,'2016-02-20',8,3.69897,2,'0',0,11,0,1.21,0,0,1),(6562,'Lápiz negro Katana','7798135146023',100721,'unidad',0,'2015-06-15',0,5,'',0,'2015-12-30',36,0,2,NULL,NULL,NULL,NULL,NULL,NULL,NULL,NULL),(6563,'Lápiz negro Simball','7798000081022',100722,'unidad',0,'2015-06-15',0,5,'',0,'2015-12-30',22,0,2,NULL,NULL,NULL,NULL,NULL,NULL,NULL,NULL),(6564,'Lápiz negro Faber Castell','7891360550273',100723,'unidad',0,'2015-06-15',0,5,'',0,'2015-12-30',28,0,2,NULL,NULL,NULL,NULL,NULL,NULL,NULL,NULL),(6565,'Lápiz negro BIC Evolution (cuerpo verde)','3270220004608',100724,'unidad',0,'2015-06-15',1,4,'',0,'2015-12-30',-3,1,2,NULL,NULL,NULL,NULL,NULL,NULL,NULL,NULL),(6566,'Lápices color BIC x6 cortos','70330415225',100725,'unidad',0,'2015-06-15',1,18,'',0,'2015-12-30',2,6,2,NULL,NULL,NULL,NULL,NULL,NULL,NULL,NULL),(6567,'Lápices color BIC x12 cortos','70330411906',100726,'unidad',0,'2015-06-15',1,32,'',0,'2015-12-30',-2,11,2,NULL,NULL,NULL,NULL,NULL,NULL,NULL,NULL),(6568,'Lápices color x12 cort Simball','7798000081053',100727,'unidad',0,'2015-06-15',0.6,22,'',0,'2015-12-30',1,9,2,NULL,NULL,NULL,NULL,NULL,NULL,NULL,NULL),(6569,'Lápices color x12 largos Simball','0',100728,'unidad',0,'2016-02-20',1,0,'0',0,'2016-02-20',0,0,2,'0',1,0,0,0,0,0,0),(6570,'Crayones x6 corto PlayColor','7798139810320',100729,'unidad',0,'2015-06-15',0.7,18,'',0,'2015-12-30',3,7,2,NULL,NULL,NULL,NULL,NULL,NULL,NULL,NULL),(6571,'Fibras/marcador Simball x6','7798000080643',100730,'unidad',0,'2016-02-20',0.7,0,'0',0,'2016-02-20',0,0,2,'0',1,0,0,0,0,0,0),(6572,'Cuaderno Éxito tapa dura 48h','7791762429071',100731,'unidad',0,'2015-06-15',1,34,'',0,'2015-12-30',23,0,2,NULL,NULL,NULL,NULL,NULL,NULL,NULL,NULL),(6573,'Cuaderno Rivadavia araña tapa dura 50 hojas','7792216155348',100732,'unidad',0,'2015-06-15',0.6,61,'',0,'2015-12-30',0,25,2,NULL,NULL,NULL,NULL,NULL,NULL,NULL,NULL),(6574,'Cuaderno Laprida/Éxito 50h cuadiculado/rayado','7792216002161',100733,'unidad',0,'2015-06-15',0.6,46,'',0,'2015-12-30',5,20,2,NULL,NULL,NULL,NULL,NULL,NULL,NULL,NULL),(6575,'Cuaderno Gloria 84h tapa flexible rayado','7791762110092',100734,'unidad',0,'2015-06-15',0.6,27,'',0,'2015-12-30',0,12,2,NULL,NULL,NULL,NULL,NULL,NULL,NULL,NULL),(6576,'Cuaderno Gloria tapa flexible x48 rayado','7791762110078',100735,'unidad',0,'2015-06-15',1.5,14,'',0,'2015-12-30',7,4,2,NULL,NULL,NULL,NULL,NULL,NULL,NULL,NULL),(6577,'Carpeta común negra 3x40','333320',200005,'unidad',0,'2015-06-15',0.8,36,'',0,'2015-12-30',9,14,2,NULL,NULL,NULL,NULL,NULL,NULL,NULL,NULL),(6578,'Carpeta Centauro color n3','79385',79385,'unidad',0,'2015-06-15',0.6,70,'',0,'2015-12-30',1,30,2,NULL,NULL,NULL,NULL,NULL,NULL,NULL,NULL),(6579,'Carpeta n3 2 tapas fantasía ','79501',79501,'unidad',0,'2016-02-20',0.8,0,'0',0,'2016-02-20',0,0,2,'0',1,0,0,0,0,0,0),(6580,'Block 80h A4 América cuadriculado/rayado','7792216193210',100736,'unidad',0,'2015-06-15',0.6,34,'',0,'2015-12-30',1,14,2,NULL,NULL,NULL,NULL,NULL,NULL,NULL,NULL),(6581,'Repuesto 48h Rivadavia cuadriculado','7792216041641',100737,'unidad',0,'2015-06-15',1,35,'',0,'2015-12-30',3,0,2,NULL,NULL,NULL,NULL,NULL,NULL,NULL,NULL),(6582,'Repuesto 96h Éxito reforzado cuadriculado','7791762480423',100738,'unidad',0,'2015-06-15',1,55,'',0,'2015-12-30',3,0,2,NULL,NULL,NULL,NULL,NULL,NULL,NULL,NULL),(6583,'Repuesto 288h Éxito reforzado cuadriculado','7791762480560',100739,'unidad',0,'2015-06-15',0.6,161,'',0,'2015-12-30',0,68,2,NULL,NULL,NULL,NULL,NULL,NULL,NULL,NULL),(6584,'Repuesto 96h Éxito rayadas','7791762486128',100740,'unidad',19.174,'2016-02-20',0.6,37.1209,'0',0,'2016-02-20',7,23.2005,2,'363170',0,11,0,1.21,0,0,1),(6585,'Papel para forrar suelto fantasía','79180',79180,'unidad',0,'2015-06-15',2,14,'',0,'2015-12-30',0,3,2,NULL,NULL,NULL,NULL,NULL,NULL,NULL,NULL),(6586,'Folio escolar cualquier tamaño','7796893000250',100741,'unidad',0.49505,'2016-02-20',3,2.39604,'0',0,'2016-02-20',350,0.599011,2,'0',0,11,0,1.21,0,0,1),(6587,'Goma borrar Faber lápiz económica','7794360087568',100742,'unidad',0,'2015-06-15',1,2,'',0,'2015-12-30',19,1,2,NULL,NULL,NULL,NULL,NULL,NULL,NULL,NULL),(6588,'Goma borrar roja/azul','7896342411122',100743,'unidad',0,'2015-06-15',1,3,'',0,'2015-12-30',88,1,2,NULL,NULL,NULL,NULL,NULL,NULL,NULL,NULL),(6589,'Goma borrar pizzini mio blanca','7793198531007',100744,'unidad',0,'2015-06-15',0.6,8,'',0,'2015-12-30',0,3,2,NULL,NULL,NULL,NULL,NULL,NULL,NULL,NULL),(6590,'Goma borrar maped lap/tin ','3154145117103',100745,'unidad',0,'2015-06-15',0.6,9,'',0,'2015-12-30',0,4,2,NULL,NULL,NULL,NULL,NULL,NULL,NULL,NULL),(6591,'Palitos de madera x50 unidades','4004764286386',100746,'unidad',0,'2015-06-15',1.5,30,'',0,'2015-12-30',0,8,2,NULL,NULL,NULL,NULL,NULL,NULL,NULL,NULL),(6592,'Tijera chica económica','4895054510201',100747,'unidad',0,'2015-06-15',1,9,'',0,'2015-12-30',1,3,2,NULL,NULL,NULL,NULL,NULL,NULL,NULL,NULL),(6593,'Tijera maped vivo 12cm 3 D','3154141377020',100748,'unidad',0,'2015-06-15',0.6,19,'',0,'2015-12-30',6,8,2,NULL,NULL,NULL,NULL,NULL,NULL,NULL,NULL),(6594,'Escuadra 12cm transparente/color','79414',79414,'unidad',0,'2015-06-15',2,9,'',0,'2015-12-30',7,2,2,NULL,NULL,NULL,NULL,NULL,NULL,NULL,NULL),(6595,'Escuadra 20cm transparente/color','3154141461224',100749,'unidad',0,'2015-06-15',2,14,'',0,'2015-12-30',8,3,2,NULL,NULL,NULL,NULL,NULL,NULL,NULL,NULL),(6596,'Regla 15cm maped transparente','79315',79315,'unidad',0,'2015-06-15',1,8,'',0,'2015-12-30',6,3,2,NULL,NULL,NULL,NULL,NULL,NULL,NULL,NULL),(6597,'Regla 20cm transparente','3154141468100',100750,'unidad',0,'2015-06-15',1,8,'',0,'2015-12-30',11,3,2,NULL,NULL,NULL,NULL,NULL,NULL,NULL,NULL),(6598,'Regla 30cm transparente','3154141468193',100751,'unidad',0,'2015-06-15',1,9,'',0,'2015-12-30',17,3,2,NULL,NULL,NULL,NULL,NULL,NULL,NULL,NULL),(6599,'Transportador plastico maped','79097',79097,'unidad',0,'2015-06-15',1,8,'',0,'2015-12-30',4,2,2,NULL,NULL,NULL,NULL,NULL,NULL,NULL,NULL),(6600,'Transportador plastico 360 grados','3154141463600',100752,'unidad',0,'2015-06-15',1,18,'',0,'2015-12-30',2,6,2,NULL,NULL,NULL,NULL,NULL,NULL,NULL,NULL),(6601,'Sacapunta maped vivo/boogy plast','3154140632113',100753,'unidad',0,'2015-06-15',1.5,4,'',0,'2015-12-30',0,1,2,NULL,NULL,NULL,NULL,NULL,NULL,NULL,NULL),(6602,'Corrector simball taiko','7798000089950',100754,'unidad',0,'2015-06-15',0.6,15,'',0,'2015-12-30',2,6,2,NULL,NULL,NULL,NULL,NULL,NULL,NULL,NULL),(6603,'Marcador grueso micro 550','7798000080896',100755,'unidad',0,'2016-02-20',0.7,0,'0',0,'2016-02-20',0,0,2,'0',1,0,0,0,0,0,0),(6604,'Resaltador margi 2000 micro','7798000086768',100756,'unidad',0,'2016-02-20',0.7,0,'0',0,'2016-02-20',0,0,2,'0',1,0,0,0,0,0,0),(6605,'Argolla carpeta x2 gr50mm','7792533009973',100757,'unidad',0,'2015-06-15',0.7,8,'',0,'2015-12-30',-4,3,2,NULL,NULL,NULL,NULL,NULL,NULL,NULL,NULL),(6606,'Cinta adhesiva chica económica y Scotch','7792971620969',100758,'unidad',0,'2015-06-15',0.7,7,'',0,'2015-12-30',18,2,2,NULL,NULL,NULL,NULL,NULL,NULL,NULL,NULL),(6607,'Voligoma adhesivo 30ml','7790400010503',100759,'unidad',5.77075,'2016-02-20',0.7,11.8704,'0',0,'2016-02-20',7,6.98261,2,'304030',0,11,0,1.21,0,0,1),(6608,'Mochila azul y rosada (hello kitty y bakucan)','',100760,'unidad',0,'2015-06-15',0.7,151,'',0,'2015-12-30',2,60,2,NULL,NULL,NULL,NULL,NULL,NULL,NULL,NULL),(6609,'Alambre Acindar redondo 2.2mm res. Alta x1000m','',100761,'rollo',880,'2015-06-15',0.6,2106,'',0,'2015-12-30',0,972,3,NULL,NULL,NULL,NULL,NULL,NULL,NULL,NULL),(6610,'Alambre Púa Cal.16. dist. 101mm. Pampero. ACER','',100762,'rollo',0,'2015-06-15',0.44,1890,'',0,'2015-12-30',0,450,3,NULL,NULL,NULL,NULL,NULL,NULL,NULL,NULL),(6611,'Alambre atar 14. fino','',100763,'Kg',19,'2015-06-15',0.6,51,'',0,'2015-12-30',-20,24,3,NULL,NULL,NULL,NULL,NULL,NULL,NULL,NULL),(6612,'Alambre atar 17.  grueso','',100764,'Kg',18,'2015-06-15',0.6,47,'',0,'2015-12-30',-3,22,3,NULL,NULL,NULL,NULL,NULL,NULL,NULL,NULL),(6613,'Torniquete Mini','',100765,'unidad',0,'2015-06-15',1,45,'',0,'2015-12-30',0,13,3,NULL,NULL,NULL,NULL,NULL,NULL,NULL,NULL),(6614,'Tejido Romboidal RS.10M- 200-50-12','',100766,'Rollo',0,'2015-06-15',0.41,1593,'',0,'2015-12-30',0,439,3,NULL,NULL,NULL,NULL,NULL,NULL,NULL,NULL),(6615,'Convertidor + esmalte brillante x 1L - Venier','7792261007845',100767,'litro',0,'2015-06-15',0.3,444,'',0,'2015-12-30',2,167,3,NULL,NULL,NULL,NULL,NULL,NULL,NULL,NULL),(6616,'Esmalte Sintético Brillante Venier x1L','',100768,'litro',0,'2015-06-15',0.45,272,'',0,'2015-12-30',5,94,3,NULL,NULL,NULL,NULL,NULL,NULL,NULL,NULL),(6617,'Barniz marino int/ext 900cc Precernol','',100769,'litro',63,'2015-06-15',0.6,149,'',0,'2015-12-30',3,53,3,NULL,NULL,NULL,NULL,NULL,NULL,NULL,NULL),(6618,'Barniz Sintético Venier x1L','7792261003212',100770,'litro',0,'2015-06-15',0.35,254,'',0,'2015-12-30',0,87,3,NULL,NULL,NULL,NULL,NULL,NULL,NULL,NULL),(6619,'Aerosol Pintura Krylon 284gr','0',100771,'unidad',0,'2016-02-26',0.35,0,'0',0,'2016-02-26',0,0,3,'0',1,0,0,0,0,0,0),(6620,'Aerosol Pintura Krylon Blanco 170gr','0',100772,'unidad',0,'2016-02-26',0.35,0,'0',0,'2016-02-26',0,0,3,'0',1,0,0,0,0,0,0),(6621,'Cemento Holcim Fuerte CCP40 x50kg','0',100773,'bolsa',83.87,'2016-02-12',0.3,131.928,'0',0,'2016-02-12',23,101.483,3,'010401',0,7,0,1.21,0,0,NULL),(6622,'Weber impermeable x30kg','7798053731905',100774,'bolsa',0,'2015-06-15',0.8,274,'',0,'2015-12-30',3,89,3,NULL,NULL,NULL,NULL,NULL,NULL,NULL,NULL),(6623,'Cal común x20kg','0',100775,'bolsa',32.36,'2016-02-12',0.6,62.649,'0',0,'2016-02-12',20,39.1556,3,'020101',0,7,0,1.21,0,0,NULL),(6624,'Yeso Corral','',100776,'bolsa',0,'2015-06-15',0.3,116,'',0,'2015-12-30',8,53,3,NULL,NULL,NULL,NULL,NULL,NULL,NULL,NULL),(6625,'Membrana Aluminio MegaFlex no-crack flexible 400 35kg','',100777,'rollo',0,'2015-06-15',0.65,878,'',0,'2015-12-30',10,359,3,NULL,NULL,NULL,NULL,NULL,NULL,NULL,NULL),(6626,'Membrana Blanca MegaFlex no-crack flexible 400 35kg','',100778,'rollo',0,'2015-06-15',0.65,986,'',0,'2015-12-30',6,401,3,NULL,NULL,NULL,NULL,NULL,NULL,NULL,NULL),(6627,'Brea Alquitrán  x18kg','',100779,'unidad',0,'2015-06-15',0.7,432,'',0,'2015-12-30',1,178,3,NULL,NULL,NULL,NULL,NULL,NULL,NULL,NULL),(6628,'Balde albañil plástico','0',100780,'unidad',17.22,'2016-02-26',1,41.6724,'0',0,'2016-02-26',12,20.8362,3,'ERN1',0,12,0,1.21,0,0,0),(6629,'Cuchara albañil','',100781,'unidad',0,'2015-06-15',0.6,154,'',0,'2015-12-30',-1,39,3,NULL,NULL,NULL,NULL,NULL,NULL,NULL,NULL),(6630,'Fratacho madera algarrobo 40x12cm','',100782,'unidad',0,'2015-06-15',1,143,'',0,'2015-12-30',4,34,3,NULL,NULL,NULL,NULL,NULL,NULL,NULL,NULL),(6631,'Fratacho plástico con fieltro 25cm','0',100783,'unidad',6.8341,'2016-02-26',1.3,19.0193,'0',0,'2016-02-26',23,8.26926,3,'FRA125',0,12,0,1.21,0,0,0),(6632,'Llana dentada mango plástico 6x6','',100784,'unidad',30,'2015-06-15',1,94,'',0,'2015-12-30',4,26,3,NULL,NULL,NULL,NULL,NULL,NULL,NULL,NULL),(6633,'Thinner','',100785,'litro',0,'2015-06-15',0.3,47,'',0,'2015-12-30',0,20,3,NULL,NULL,NULL,NULL,NULL,NULL,NULL,NULL),(6634,'Cadena patente zincada 45','',100786,'Kg',0,'2015-06-15',0.45,179,'',0,'2015-12-30',9,54,3,NULL,NULL,NULL,NULL,NULL,NULL,NULL,NULL),(6635,'Plástico/geomembrana 500um 1mx4m (metro lineal)','',100787,'metro',0,'2015-06-15',1,197,'1 rollo 50mx4m',0,'2015-12-30',115,44,3,NULL,NULL,NULL,NULL,NULL,NULL,NULL,NULL),(6636,'Tela cerco 2mts ancho por metro lineal','',100788,'metro',9,'2015-06-15',0.6,34,'',0,'2015-12-30',0,10,3,NULL,NULL,NULL,NULL,NULL,NULL,NULL,NULL),(6637,'Tela media sombra Sylver 90% verde-negra 4.2m ancho','',100789,'metro',39,'2015-06-15',0.8,93,'',0,'2015-12-30',50,39,3,NULL,NULL,NULL,NULL,NULL,NULL,NULL,NULL),(6638,'Tela media sombra 80% negra 4.2m ancho','',100790,'metro',27,'2015-06-15',0.9,66,'',0,'2015-12-30',50,27,3,NULL,NULL,NULL,NULL,NULL,NULL,NULL,NULL),(6639,'Tela media sombra 65% negra 4.2m ancho','',100791,'metro',17,'2015-06-15',1,47,'',0,'2015-12-30',130,17,3,NULL,NULL,NULL,NULL,NULL,NULL,NULL,NULL),(6640,'Nylon transparente 150 micrones x 7.20m ancho','',100792,'metro',60,'2015-06-15',0.8,146,'',0,'2015-12-30',135,60,3,NULL,NULL,NULL,NULL,NULL,NULL,NULL,NULL),(6641,'Lija tela 120','',100793,'unidad',11,'2015-06-15',1,30,'',0,'2015-12-30',74,9,3,NULL,NULL,NULL,NULL,NULL,NULL,NULL,NULL),(6642,'Lija tela 80','',100794,'unidad',0,'2015-06-15',0.9,29,'',0,'2015-12-30',6,8,3,NULL,NULL,NULL,NULL,NULL,NULL,NULL,NULL),(6643,'Lija agua papel cs 280','',100795,'unidad',0,'2015-06-15',0.85,19,'',0,'2015-12-30',4,5,3,NULL,NULL,NULL,NULL,NULL,NULL,NULL,NULL),(6644,'Lija agua papel cs 220','',100796,'unidad',0,'2015-06-15',0.85,19,'',0,'2015-12-30',0,5,3,NULL,NULL,NULL,NULL,NULL,NULL,NULL,NULL),(6645,'Lija agua papel cs 180','',100797,'unidad',0,'2015-06-15',0.85,19,'',0,'2015-12-30',0,5,3,NULL,NULL,NULL,NULL,NULL,NULL,NULL,NULL),(6646,'Lija agua papel cs 150','',100798,'unidad',0,'2015-06-15',2,19,'',0,'2015-12-30',29,3,3,NULL,NULL,NULL,NULL,NULL,NULL,NULL,NULL),(6647,'Lija agua papel cs 80','',100799,'unidad',0,'2015-06-15',2,19,'',0,'2015-12-30',14,3,3,NULL,NULL,NULL,NULL,NULL,NULL,NULL,NULL),(6648,'Cinta papel pintor Doble A 12mm x 50m','',100800,'unidad',0,'2015-06-15',0.42,40,'',0,'2015-12-30',0,13,3,NULL,NULL,NULL,NULL,NULL,NULL,NULL,NULL),(6649,'Cinta papel pintor Rapifix 12mm x 50m','',100801,'unidad',9,'2015-06-15',1.7,31,'',0,'2015-12-30',0,7,3,NULL,NULL,NULL,NULL,NULL,NULL,NULL,NULL),(6650,'Cinta papel pintor Doble A 18mm x 50m','',100802,'unidad',0,'2015-06-15',0.43,46,'',0,'2015-12-30',0,15,3,NULL,NULL,NULL,NULL,NULL,NULL,NULL,NULL),(6651,'Cinta papel pintor Doble A 24mm x 50m','',100803,'unidad',0,'2015-06-15',0.48,61,'',0,'2015-12-30',0,19,3,NULL,NULL,NULL,NULL,NULL,NULL,NULL,NULL),(6652,'Cinta papel pintor Rapifix 24mm x 50m','',100804,'unidad',17,'2015-06-15',0.8,47,'',0,'2015-12-30',0,15,3,NULL,NULL,NULL,NULL,NULL,NULL,NULL,NULL),(6653,'Cinta papel pintor Doble A 36mm x 50m','',100805,'unidad',0,'2015-06-15',0.49,72,'',0,'2015-12-30',0,24,3,NULL,NULL,NULL,NULL,NULL,NULL,NULL,NULL),(6654,'Cinta papel pintor Rapifix 36mm x 50m','',100806,'unidad',26,'2015-06-15',0.9,69,'',0,'2015-12-30',0,22,3,NULL,NULL,NULL,NULL,NULL,NULL,NULL,NULL),(6655,'Cinta papel azul obra pintor Rapifix 24mm x 50m','7790817550241',100807,'unidad',23,'2015-06-15',0.7,53,'',0,'2015-12-30',24,19,3,NULL,NULL,NULL,NULL,NULL,NULL,NULL,NULL),(6656,'Cinta papel azul obra pintor Rapifix 48mm x 50m','7790817550487',100808,'unidad',45,'2015-06-15',0.7,107,'',0,'2015-12-30',5,38,3,NULL,NULL,NULL,NULL,NULL,NULL,NULL,NULL),(6657,'Cinta papel azul obra pintor Doble A 24mm x 50m','',100809,'unidad',0,'2015-06-15',0.49,62,'',0,'2015-12-30',0,22,3,NULL,NULL,NULL,NULL,NULL,NULL,NULL,NULL),(6659,'Cinta Teflón 3/4x10m TacsaFlon','7798039291423',100811,'unidad',5.6797,'2016-02-26',2,18.8282,'0',0,'2016-02-26',45,6.27607,3,'INT3410',0,12,0,1.105,0,0,1),(6660,'Cinta Ipsoband autoadhesiva 50mmx10m aluminio y espuma','',100812,'unidad',0,'2015-06-15',0.55,112,'',0,'2015-12-30',0,35,3,NULL,NULL,NULL,NULL,NULL,NULL,NULL,NULL),(6661,'Pintura Latex WeekEnd Interior 4L','',100813,'unidad',0,'2015-06-15',0.46,293,'',0,'2015-12-30',0,83,3,NULL,NULL,NULL,NULL,NULL,NULL,NULL,NULL),(6662,'Pintura Latex WeekEnd Exterior 4L','',100814,'unidad',0,'2015-06-15',0.46,378,'',0,'2015-12-30',0,135,3,NULL,NULL,NULL,NULL,NULL,NULL,NULL,NULL),(6663,'Pintura Latex WeekEnd Interior/Exterior 4L','',100815,'unidad',0,'2015-06-15',0.46,310,'',0,'2015-12-30',0,103,3,NULL,NULL,NULL,NULL,NULL,NULL,NULL,NULL),(6664,'Pintura Latex WeekEnd Interior/Exterior 20L','',100816,'unidad',0,'2015-06-15',0.31,1125,'',0,'2015-12-30',0,408,3,NULL,NULL,NULL,NULL,NULL,NULL,NULL,NULL),(6665,'Fibrado Sinteplast blanco 1kg','7792952015937',100817,'unidad',0,'2015-06-15',0.5,154,'',0,'2015-12-30',1,42,3,NULL,NULL,NULL,NULL,NULL,NULL,NULL,NULL),(6666,'Entonador 30cm3 Sherwin Williams KemColor','',100818,'unidad',0,'2015-06-15',1,44,'',0,'2015-12-30',28,12,3,NULL,NULL,NULL,NULL,NULL,NULL,NULL,NULL),(6667,'Entonador 120cm3 Sherwin Williams KemColor','',100819,'unidad',0,'2015-06-15',1,101,'',0,'2015-12-30',3,30,3,NULL,NULL,NULL,NULL,NULL,NULL,NULL,NULL),(6668,'Fijador Venier 1litro','',100820,'unidad',0,'2015-06-15',0.42,100,'',0,'2015-12-30',0,30,3,NULL,NULL,NULL,NULL,NULL,NULL,NULL,NULL),(6669,'Enduido plástico Alba/Venier 1kg','7792261003090',100821,'unidad',0,'2015-06-15',0.47,97,'',0,'2015-12-30',1,39,3,NULL,NULL,NULL,NULL,NULL,NULL,NULL,NULL),(6670,'Cubeta de pintor','7798005012458',100822,'unidad',0,'2015-06-15',0.66,102,'',0,'2015-12-30',1,29,3,NULL,NULL,NULL,NULL,NULL,NULL,NULL,NULL),(6671,'Pincel 351/10 Galgo','',100823,'unidad',26,'2015-06-15',0.6,62,'',0,'2015-12-30',0,22,3,NULL,NULL,NULL,NULL,NULL,NULL,NULL,NULL),(6672,'Pincel 351/15 Galgo','',100824,'unidad',32,'2015-06-15',0.6,76,'',0,'2015-12-30',0,27,3,NULL,NULL,NULL,NULL,NULL,NULL,NULL,NULL),(6673,'Pincel 351/25 Galgo','7798034443469',100825,'unidad',56,'2015-06-15',0.6,133,'',0,'2015-12-30',4,48,3,NULL,NULL,NULL,NULL,NULL,NULL,NULL,NULL),(6674,'Pincel 10 (1\")','',100826,'unidad',0,'2015-06-15',0.79,33,'',0,'2015-12-30',0,12,3,NULL,NULL,NULL,NULL,NULL,NULL,NULL,NULL),(6675,'Pincel 15 (1 1/2\")','',100827,'unidad',0,'2015-06-15',0.64,50,'',0,'2015-12-30',0,18,3,NULL,NULL,NULL,NULL,NULL,NULL,NULL,NULL),(6676,'Pincel 20 sintético','',100828,'unidad',0,'2015-06-15',0.4,102,'',0,'2015-12-30',0,34,3,NULL,NULL,NULL,NULL,NULL,NULL,NULL,NULL),(6677,'Pincel 40 brocha Cazador grey','7791756088406',100829,'unidad',0,'2015-06-15',0.4,148,'',0,'2015-12-30',1,47,3,NULL,NULL,NULL,NULL,NULL,NULL,NULL,NULL),(6678,'Kit mini-rodillo + repuesto #10','7791756005205',100830,'unidad',0,'2015-06-15',0.77,99,'',0,'2015-12-30',1,30,3,NULL,NULL,NULL,NULL,NULL,NULL,NULL,NULL),(6679,'Rodillo mini 10 Cazador','',100831,'unidad',0,'2015-06-15',0.77,46,'',0,'2015-12-30',-1,10,3,NULL,NULL,NULL,NULL,NULL,NULL,NULL,NULL),(6680,'Rodillo 17cm Galgo multiuso','7798034446033',100832,'unidad',0,'2015-06-15',0.4,137,'',0,'2015-12-30',2,40,3,NULL,NULL,NULL,NULL,NULL,NULL,NULL,NULL),(6681,'Rodillo El Cazador superficies suaves','',100833,'unidad',0,'2015-06-15',0.4,153,'',0,'2015-12-30',0,47,3,NULL,NULL,NULL,NULL,NULL,NULL,NULL,NULL),(6682,'Rodillo lana 22cm Cazador','',100834,'unidad',0,'2015-06-15',0.5,218,'',0,'2015-12-30',0,81,3,NULL,NULL,NULL,NULL,NULL,NULL,NULL,NULL),(6683,'Rodillo lana 22cm Galgo','',100835,'unidad',0,'2015-06-15',0.4,288,'',0,'2015-12-30',0,75,3,NULL,NULL,NULL,NULL,NULL,NULL,NULL,NULL),(6684,'Soga plástica N10','0',100836,'metro',6.33,'2016-02-26',1.2,16.8505,'0',0,'2016-02-26',90,7.6593,3,'NAV10',0,12,0,1.21,0,0,1),(6685,'Soga plástica N8','',100837,'metro',3,'2015-06-15',2,10,'',0,'2015-12-30',34,2,3,NULL,NULL,NULL,NULL,NULL,NULL,NULL,NULL),(6686,'Soga plástica N6','',100838,'metro',1,'2015-06-15',2,9,'',0,'2015-12-30',132,1,3,NULL,NULL,NULL,NULL,NULL,NULL,NULL,NULL),(6687,'Soga plástica N5','',100839,'metro',1,'2015-06-15',2,7,'',0,'2015-12-30',-23,1,3,NULL,NULL,NULL,NULL,NULL,NULL,NULL,NULL),(6688,'Soga plástica N3','',100840,'metro',1,'2015-06-15',2,5,'',0,'2015-12-30',0,1,3,NULL,NULL,NULL,NULL,NULL,NULL,NULL,NULL),(6689,'Tanza para motoguadaña/bordeadora Dibra redonda 2mm','',100841,'metro',0,'2015-06-15',3,5,'',0,'2015-12-30',100,1,3,NULL,NULL,NULL,NULL,NULL,NULL,NULL,NULL),(6690,'Tanza para motoguadaña/bordeadora redonda 3mm','',100842,'metro',1,'2015-06-15',3,9,'',0,'2015-12-30',553,1,3,NULL,NULL,NULL,NULL,NULL,NULL,NULL,NULL),(6691,'Espátula 75mm Robust','7798162699721',100843,'unidad',0,'2015-06-15',0.47,69,'',0,'2015-12-30',1,20,3,NULL,NULL,NULL,NULL,NULL,NULL,NULL,NULL),(6692,'Espátula SD rectificada pro 5 c/madera','',100844,'unidad',0,'2015-06-15',0.47,76,'',0,'2015-12-30',0,22,3,NULL,NULL,NULL,NULL,NULL,NULL,NULL,NULL),(6693,'Espátula SD rectificada pro 9 c/madera','',100845,'unidad',0,'2015-06-15',0.47,95,'',0,'2015-12-30',0,27,3,NULL,NULL,NULL,NULL,NULL,NULL,NULL,NULL),(6694,'Herradura acanalada p/trabajo c/clip pesada x4u n0','',100846,'bolsa',90,'2015-06-15',0.6,176,'',0,'2015-12-30',-1,77,3,NULL,NULL,NULL,NULL,NULL,NULL,NULL,NULL),(6695,'Herradura acanalada p/trabajo c/clip pesada x4u n1','',100847,'bolsa',91,'2015-06-15',1.6,176,'',0,'2015-12-30',-4,77,3,NULL,NULL,NULL,NULL,NULL,NULL,NULL,NULL),(6696,'Herradura acanalada p/trabajo c/clip pesada x4u n2','',100848,'bolsa',92,'2015-06-15',2.6,176,'',0,'2015-12-30',4,78,3,NULL,NULL,NULL,NULL,NULL,NULL,NULL,NULL),(6697,'Herradura acanalada p/trabajo c/clip pesada x4u n3','',100849,'bolsa',93,'2015-06-15',3.6,176,'',0,'2015-12-30',3,79,3,NULL,NULL,NULL,NULL,NULL,NULL,NULL,NULL),(6698,'Herradura acanalada p/trabajo c/clip pesada x4u n4','',100850,'bolsa',94,'2015-06-15',4.6,176,'',0,'2015-12-30',4,80,3,NULL,NULL,NULL,NULL,NULL,NULL,NULL,NULL),(6699,'Herradura acanalada pesada x4u n0/n1/n2/n3','',100851,'bolsa',72,'2015-06-15',0.6,170,'',0,'2015-12-30',0,61,3,NULL,NULL,NULL,NULL,NULL,NULL,NULL,NULL),(6700,'Clavo p/herrar derby E2 41mm ','',100852,'unidad',0,'2015-06-15',1,2,'',0,'2015-12-30',-12,1,3,NULL,NULL,NULL,NULL,NULL,NULL,NULL,NULL),(6701,'Clavo p/herrar derby 45mm ','',100853,'unidad',1,'2015-06-15',1,2,'',0,'2015-12-30',-38,1,3,NULL,NULL,NULL,NULL,NULL,NULL,NULL,NULL),(6702,'Clavo p/herrar Mustad 45mm ','',100854,'unidad',0,'2015-06-15',1,2,'',0,'2015-12-30',98,0,3,NULL,NULL,NULL,NULL,NULL,NULL,NULL,NULL),(6703,'Clavo p/herrar Mustad E4 47mm ','',100855,'unidad',1,'2015-06-15',1,2,'',0,'2015-12-30',0,1,3,NULL,NULL,NULL,NULL,NULL,NULL,NULL,NULL),(6704,'Clavo p/herrar derby 54mm ','',100856,'unidad',1,'2015-06-15',1,3,'',0,'2015-12-30',100,1,3,NULL,NULL,NULL,NULL,NULL,NULL,NULL,NULL),(6705,'Pastina Klaukol Alta performance Blanca 1kg','',100857,'unidad',0,'2015-06-15',0.7,85,'',0,'2015-12-30',-1,24,3,NULL,NULL,NULL,NULL,NULL,NULL,NULL,NULL),(6706,'Pastina Klaukol 1kg','',100858,'unidad',0,'2015-06-15',0.7,62,'',0,'2015-12-30',0,14,3,NULL,NULL,NULL,NULL,NULL,NULL,NULL,NULL),(6707,'Machete Pulido Biassoni','',100859,'unidad',79,'2015-06-15',0.7,195,'',0,'2015-12-30',0,67,3,NULL,NULL,NULL,NULL,NULL,NULL,NULL,NULL),(6708,'Pala Forjada punta corazón con manija Biassoni','7798102252122',100860,'unidad',0,'2015-06-15',0.53,636,'',0,'2015-12-30',1,202,3,NULL,NULL,NULL,NULL,NULL,NULL,NULL,NULL),(6709,'Pala Forjada punta corazón larga cabo recto Gherardi','7797091012021',100861,'unidad',394.28,'2016-02-26',0.55,675.303,'0',0,'2016-02-26',3,435.679,3,'GHE108',0,12,0,1.105,0,0,1),(6710,'Pico Punta y Hacha s/cabo forjado Gherardi 75mm','7797091023010',100862,'unidad',0,'2015-06-15',0.5,655,'',0,'2015-12-30',1,214,3,NULL,NULL,NULL,NULL,NULL,NULL,NULL,NULL),(6711,'Hacha forjada Biassoni Tumba con cabo','7797091191115',100863,'unidad',436.37,'2016-02-26',0.5,723.283,'0',0,'2016-02-26',2,482.189,3,'GHE208',0,12,0,1.105,0,0,0),(6712,'Azada mendocina n2 de 2 1/2','7797091034016',100864,'unidad',0,'2015-06-15',0.5,510,'',0,'2015-12-30',2,158,3,NULL,NULL,NULL,NULL,NULL,NULL,NULL,NULL),(6713,'Cabo p/pala 1.2m recto','',100865,'unidad',39,'2015-06-15',0.8,104,'',0,'2015-12-30',0,33,3,NULL,NULL,NULL,NULL,NULL,NULL,NULL,NULL),(6714,'Cabo p/pico 90cm gherardi','0',100866,'unidad',44.33,'2016-02-26',0.8,96.5507,'0',0,'2016-02-26',17,53.6393,3,'CAB10',0,12,0,1.21,0,0,0),(6715,'Cabo p/hacha de 90cm recto','0',100867,'unidad',33.91,'2016-02-26',0.8,0,'0',0,'2016-02-26',12,0,3,'CAB5',0,12,0,0,0,0,0),(6716,'Cabo p/azada mendocina','',100868,'unidad',0,'2015-06-15',0.2,147,'',0,'2015-12-30',0,50,3,NULL,NULL,NULL,NULL,NULL,NULL,NULL,NULL),(6717,'Parche para cámara Brio LA 20','',200001,'unidad',0,'2015-06-15',5,3,'',0,'2015-12-30',264,0,4,NULL,NULL,NULL,NULL,NULL,NULL,NULL,NULL),(6718,'Parche para cámara Brio LA 30','',200002,'unidad',0,'2015-06-15',5,4,'',0,'2015-12-30',259,1,4,NULL,NULL,NULL,NULL,NULL,NULL,NULL,NULL),(6719,'Parche para cámara Brio LA 40','',200003,'unidad',1,'2015-06-15',5,6,'',0,'2015-12-30',151,1,4,NULL,NULL,NULL,NULL,NULL,NULL,NULL,NULL),(6720,'Parche para cámara Brio LA 55','',200004,'unidad',1,'2015-06-15',3,9,'',0,'2015-12-30',15,2,4,NULL,NULL,NULL,NULL,NULL,NULL,NULL,NULL),(6721,'Parche para cubierta Brio LA 101','',200000,'unidad',2,'2015-06-15',3,13,'',0,'2015-12-30',78,2,4,NULL,NULL,NULL,NULL,NULL,NULL,NULL,NULL),(6722,'Cemento Precurex x10ml','',100079,'unidad',4,'2015-06-15',3,30,'',0,'2015-12-30',-1,5,4,NULL,NULL,NULL,NULL,NULL,NULL,NULL,NULL),(6723,'Cemento Precurex x20ml','',100080,'unidad',6,'2015-06-15',3,43,'',0,'2015-12-30',0,8,4,NULL,NULL,NULL,NULL,NULL,NULL,NULL,NULL),(6724,'Cemento Brio x250cm3','',100081,'unidad',65,'2015-06-15',1,213,'',0,'2015-12-30',1,79,4,NULL,NULL,NULL,NULL,NULL,NULL,NULL,NULL),(6725,'Agua destilada x1L Del Free','',100082,'unidad',0,'2015-06-15',3,29,'',0,'2015-12-30',0,4,4,NULL,NULL,NULL,NULL,NULL,NULL,NULL,NULL),(6726,'Agua destilada x5L ','',100083,'unidad',0,'2015-06-15',0.6,59,'',0,'2015-12-30',2,22,4,NULL,NULL,NULL,NULL,NULL,NULL,NULL,NULL),(6727,'Cámara moto  400/450x8','YXC011',100084,'unidad',0,'2015-06-15',0.5,258,'',0,'2015-12-30',2,88,4,NULL,NULL,NULL,NULL,NULL,NULL,NULL,NULL),(6728,'Cámara moto Yuanxing 275/300x14','',100085,'unidad',29,'2015-06-15',1.5,150,'',0,'2015-12-30',0,36,4,NULL,NULL,NULL,NULL,NULL,NULL,NULL,NULL),(6729,'Cámara moto  275/300x14','',100086,'unidad',0,'2015-06-15',0.4,171,'',0,'2015-12-30',0,56,4,NULL,NULL,NULL,NULL,NULL,NULL,NULL,NULL),(6730,'Cámara moto  Yuanxing 300/325x14','YXC017',100087,'unidad',28,'2015-06-15',2,173,'',0,'2015-12-30',4,34,4,NULL,NULL,NULL,NULL,NULL,NULL,NULL,NULL),(6731,'Cámara moto  130/90x15','',100088,'unidad',0,'2015-06-15',0.5,194,'',0,'2015-12-30',0,64,4,NULL,NULL,NULL,NULL,NULL,NULL,NULL,NULL),(6732,'Cámara moto  Yuanxing 225/250x16','YXC007',100089,'unidad',25,'2015-06-15',1.5,127,'',0,'2015-12-30',5,30,4,NULL,NULL,NULL,NULL,NULL,NULL,NULL,NULL),(6733,'Cámara moto  225/275x16','',100090,'unidad',0,'2015-06-15',0.5,171,'',0,'2015-12-30',0,56,4,NULL,NULL,NULL,NULL,NULL,NULL,NULL,NULL),(6734,'Cámara moto  Yuanxing 300/325x16','YXC013',100091,'unidad',37,'2015-06-15',1.5,192,'',0,'2015-12-30',7,44,4,NULL,NULL,NULL,NULL,NULL,NULL,NULL,NULL),(6735,'Cámara moto  Yuanxing 225/250x17','',100092,'unidad',26,'2015-06-15',1.5,134,'',0,'2015-12-30',0,32,4,NULL,NULL,NULL,NULL,NULL,NULL,NULL,NULL),(6736,'Cámara moto Yuanxing  275x17','',100093,'unidad',31,'2015-06-15',1.5,160,'',0,'2015-12-30',-1,38,4,NULL,NULL,NULL,NULL,NULL,NULL,NULL,NULL),(6737,'Cámara moto  Yuanxing 300x17','',100094,'unidad',32,'2015-06-15',1.5,163,'',0,'2015-12-30',0,39,4,NULL,NULL,NULL,NULL,NULL,NULL,NULL,NULL),(6738,'Cámara moto  400/500x17','YXC018',100095,'unidad',0,'2015-06-15',0.4,197,'',0,'2015-12-30',2,60,4,NULL,NULL,NULL,NULL,NULL,NULL,NULL,NULL),(6739,'Cámara moto  450/500x17','',100096,'unidad',0,'2015-06-15',0.4,245,'',0,'2015-12-30',0,90,4,NULL,NULL,NULL,NULL,NULL,NULL,NULL,NULL),(6740,'Cámara moto Michelin 275x17','',100097,'unidad',0,'2015-06-15',0.5,233,'',0,'2015-12-30',0,70,4,NULL,NULL,NULL,NULL,NULL,NULL,NULL,NULL),(6741,'Cámara moto  Yuanxing 90/90x18','',100098,'unidad',33,'2015-06-15',1.5,166,'',0,'2015-12-30',0,40,4,NULL,NULL,NULL,NULL,NULL,NULL,NULL,NULL),(6742,'Cámara moto  Yuanxing 250/275x18','',100099,'unidad',31,'2015-06-15',1.5,155,'',0,'2015-12-30',0,37,4,NULL,NULL,NULL,NULL,NULL,NULL,NULL,NULL),(6743,'Cámara moto Yuanxing  300x18','',100100,'unidad',35,'2015-06-15',1.3,163,'',0,'2015-12-30',0,42,4,NULL,NULL,NULL,NULL,NULL,NULL,NULL,NULL),(6744,'Cámara moto Yuanxing 350x18','',100101,'unidad',39,'2015-06-15',1.3,184,'',0,'2015-12-30',-2,48,4,NULL,NULL,NULL,NULL,NULL,NULL,NULL,NULL),(6745,'Cámara moto 325/350x18','',100102,'unidad',0,'2015-06-15',0.5,194,'',0,'2015-12-30',0,64,4,NULL,NULL,NULL,NULL,NULL,NULL,NULL,NULL),(6746,'Cámara moto Yuanxin 410/460x18','',100103,'unidad',44,'2015-06-15',1.3,202,'',0,'2015-12-30',0,53,4,NULL,NULL,NULL,NULL,NULL,NULL,NULL,NULL),(6747,'Cámara moto Yuanxin 225x19','YXC014',100104,'unidad',28,'2015-06-15',1.5,142,'',0,'2015-12-30',4,33,4,NULL,NULL,NULL,NULL,NULL,NULL,NULL,NULL),(6748,'Cámara moto Yuanxin 350x19','YXC015',100105,'unidad',37,'2015-06-15',1.5,184,'',0,'2015-12-30',4,44,4,NULL,NULL,NULL,NULL,NULL,NULL,NULL,NULL),(6749,'Cámara moto Yuanxin 80/90x21','YXC010',100106,'unidad',40,'2015-06-15',1.3,191,'',0,'2015-12-30',-1,49,4,NULL,NULL,NULL,NULL,NULL,NULL,NULL,NULL),(6750,'Cámara moto Yuanxin 275/300x21','',100107,'unidad',0,'2015-06-15',0.5,218,'',0,'2015-12-30',0,76,4,NULL,NULL,NULL,NULL,NULL,NULL,NULL,NULL),(6751,'Aceite Elaion F10 15W40 x1L (auto/camioneta/camión)','',100108,'unidad',62,'2015-06-15',0.8,182,'',0,'2015-12-30',-1,75,4,NULL,NULL,NULL,NULL,NULL,NULL,NULL,NULL),(6752,'Aceite Elaion Moto 4T x1L 20W50','',100109,'unidad',37,'2015-06-15',0.8,100,'',0,'2015-12-30',-10,45,4,NULL,NULL,NULL,NULL,NULL,NULL,NULL,NULL),(6753,'Aceite Elaion Moto 2T x1L','7790968001036',100110,'unidad',43,'2015-06-15',0.8,121,'',0,'2015-12-30',-1,52,4,NULL,NULL,NULL,NULL,NULL,NULL,NULL,NULL),(6754,'Aceite Elaion Moto 2T x100cc','7790968001012',100111,'unidad',8,'2015-06-15',0.8,22,'',0,'2015-12-30',18,10,4,NULL,NULL,NULL,NULL,NULL,NULL,NULL,NULL),(6755,'Elaion Moto Cadena 220ml','',100112,'unidad',35,'2015-06-15',0.8,87,'',0,'2015-12-30',0,42,4,NULL,NULL,NULL,NULL,NULL,NULL,NULL,NULL),(6756,'Kriox 3 inorgánico (refrigerante)','',100113,'unidad',63,'2015-06-15',0.8,159,'',0,'2015-12-30',0,76,4,NULL,NULL,NULL,NULL,NULL,NULL,NULL,NULL),(6757,'Líquido de frenos HID. T3','',100114,'unidad',14,'2015-06-15',0.8,37,'',0,'2015-12-30',0,17,4,NULL,NULL,NULL,NULL,NULL,NULL,NULL,NULL),(6758,'Aceite freno y embrague AMA tipo3 dot3 x200ml','',100115,'unidad',0,'2015-06-15',1,82,'',0,'2015-12-30',0,17,4,NULL,NULL,NULL,NULL,NULL,NULL,NULL,NULL),(6759,'Lubricante cadena W90','',100116,'unidad',0,'2015-06-15',0.6,139,'',0,'2015-12-30',0,52,4,NULL,NULL,NULL,NULL,NULL,NULL,NULL,NULL),(6760,'Lámpara Focus 6V 5W S8.5 T11x39','',100117,'unidad',1,'2015-06-15',3,8,'',0,'2015-12-30',4,1,4,NULL,NULL,NULL,NULL,NULL,NULL,NULL,NULL),(6761,'Lámpara Focus 6V 25/25W P15D T19','',100118,'unidad',2,'2015-06-15',3,15,'',0,'2015-12-30',4,2,4,NULL,NULL,NULL,NULL,NULL,NULL,NULL,NULL),(6762,'Lámpara Focus 12V 10W BA15S G18 Vidrio azul','',100119,'unidad',1,'2015-06-15',3,8,'',0,'2015-12-30',0,1,4,NULL,NULL,NULL,NULL,NULL,NULL,NULL,NULL),(6763,'Lámpara de giro Sinlete','',100120,'unidad',0,'2015-06-15',1,18,'',0,'2015-12-30',0,3,4,NULL,NULL,NULL,NULL,NULL,NULL,NULL,NULL),(6764,'Lámpara de stop Sinlete','',100121,'unidad',0,'2015-06-15',1.5,23,'',0,'2015-12-30',0,3,4,NULL,NULL,NULL,NULL,NULL,NULL,NULL,NULL),(6765,'Lámpara delantera 35/35W','',100122,'unidad',0,'2015-06-15',1,57,'',0,'2015-12-30',0,12,4,NULL,NULL,NULL,NULL,NULL,NULL,NULL,NULL),(6766,'Lámpara delantera 45/45W','',100123,'unidad',0,'2015-06-15',1.1,65,'',0,'2015-12-30',0,13,4,NULL,NULL,NULL,NULL,NULL,NULL,NULL,NULL),(6767,'Lámpara delantera Sinlete H4 35/35W','',100124,'unidad',0,'2015-06-15',1,72,'',0,'2015-12-30',1,15,4,NULL,NULL,NULL,NULL,NULL,NULL,NULL,NULL),(6768,'Bujía NGK 2120 D8EA','',100125,'unidad',0,'2015-06-15',0.75,85,'',0,'2015-12-30',0,20,4,NULL,NULL,NULL,NULL,NULL,NULL,NULL,NULL),(6769,'Bujía C7HSA 4629','7897707505517',100126,'unidad',0,'2015-06-15',0.6,91,'',0,'2015-12-30',0,28,4,NULL,NULL,NULL,NULL,NULL,NULL,NULL,NULL),(6770,'Bujía C6HSA 3228','87295132289',100127,'unidad',0,'2015-06-15',0.6,111,'',0,'2015-12-30',3,34,4,NULL,NULL,NULL,NULL,NULL,NULL,NULL,NULL),(6771,'Bujía mini-cuatri P15 Wega','',100128,'unidad',0,'2015-06-15',0.6,171,'',0,'2015-12-30',1,53,4,NULL,NULL,NULL,NULL,NULL,NULL,NULL,NULL),(6772,'Bujía BP5 4111','87295141113',100129,'unidad',0,'2015-06-15',0.6,117,'',0,'2015-12-30',3,36,4,NULL,NULL,NULL,NULL,NULL,NULL,NULL,NULL),(6773,'Bujía BP7 2412','87295124123',100130,'unidad',0,'2015-06-15',0.6,117,'',0,'2015-12-30',4,36,4,NULL,NULL,NULL,NULL,NULL,NULL,NULL,NULL),(6774,'Cable embrague moto completo TODAS LAS MARCAS','',100131,'unidad',14,'2015-06-15',2,83,'',0,'2015-12-30',39,17,4,NULL,NULL,NULL,NULL,NULL,NULL,NULL,NULL),(6775,'Cable embrague moto interior Universal grande/chico','',100132,'unidad',3,'2015-06-15',3,25,'',0,'2015-12-30',14,3,4,NULL,NULL,NULL,NULL,NULL,NULL,NULL,NULL),(6776,'Cable freno moto completo TODAS MARCAS delant./trasero','',100133,'unidad',16,'2015-06-15',2,98,'',0,'2015-12-30',39,19,4,NULL,NULL,NULL,NULL,NULL,NULL,NULL,NULL),(6777,'Cable acelerador moto completo TODAS MARCAS','',100134,'unidad',12,'2015-06-15',2,75,'',0,'2015-12-30',36,15,4,NULL,NULL,NULL,NULL,NULL,NULL,NULL,NULL),(6778,'Lámpara portátil de taller plástica 12Volt','',100135,'unidad',0,'2015-06-15',0.6,187,'',0,'2015-12-30',0,54,4,NULL,NULL,NULL,NULL,NULL,NULL,NULL,NULL),(6779,'Pulpo elástico SetTensores x2','',100136,'unidad',0,'2015-06-15',0.6,95,'',0,'2015-12-30',0,23,4,NULL,NULL,NULL,NULL,NULL,NULL,NULL,NULL),(6780,'Pinito Maxi Pino FreeSur','',100137,'unidad',0,'2015-06-15',0.6,41,'',0,'2015-12-30',0,10,4,NULL,NULL,NULL,NULL,NULL,NULL,NULL,NULL),(6781,'Bastidor Civil/Jonica/Zen/Luminic 10x5 3','',100138,'unidad',6,'2015-06-15',1,16,'',0,'2015-12-30',37,6,1,NULL,NULL,NULL,NULL,NULL,NULL,NULL,NULL),(6782,'Kalop Tapa Civil Blanco 3 Módulos','',100139,'unidad',6,'2015-06-15',1,16,'',0,'2015-12-30',25,6,1,NULL,NULL,NULL,NULL,NULL,NULL,NULL,NULL),(6783,'Kalop Tapa Donna Blanco 3 módulos','',100140,'unidad',0,'2015-06-15',0.6,12,'',0,'2015-12-30',-4,5,1,NULL,NULL,NULL,NULL,NULL,NULL,NULL,NULL),(6784,'Kalop armado 1 punto','7793863406500',100141,'unidad',0,'2015-06-15',0.6,60,'',0,'2015-12-30',3,0,1,NULL,NULL,NULL,NULL,NULL,NULL,NULL,NULL),(6785,'Kalop armado 2 puntos','7793863406517',100142,'unidad',0,'2015-06-15',0.6,70,'',0,'2015-12-30',0,0,1,NULL,NULL,NULL,NULL,NULL,NULL,NULL,NULL),(6786,'Kalop módulo Punto Blanco','',100143,'unidad',12,'2015-06-15',0.9,35,'',0,'2015-12-30',26,13,1,NULL,NULL,NULL,NULL,NULL,NULL,NULL,NULL),(6787,'Kalop módulo toma c/tierra 10A blanco','',100144,'unidad',12,'2015-06-15',0.7,31,'',0,'2015-12-30',19,13,1,NULL,NULL,NULL,NULL,NULL,NULL,NULL,NULL),(6788,'Kalop módulo tapón blanco','',100145,'unidad',1,'2015-06-15',1.5,5,'',0,'2015-12-30',8,1,1,NULL,NULL,NULL,NULL,NULL,NULL,NULL,NULL),(6789,'Kalop módulo toma doble bip c/tierra blanco','',100146,'unidad',25,'2015-06-15',0.6,55,'',0,'2015-12-30',5,26,1,NULL,NULL,NULL,NULL,NULL,NULL,NULL,NULL),(6790,'Caja rectangular plástica de superficie blanca Genrod','7798039535107',100147,'unidad',0,'2015-06-15',0.6,23,'',0,'2015-12-30',16,9,1,NULL,NULL,NULL,NULL,NULL,NULL,NULL,NULL),(6791,'Caja rectangular chapa 10x5cm 20','',100148,'unidad',0,'2015-06-15',1,9,'',0,'2015-12-30',2,3,1,NULL,NULL,NULL,NULL,NULL,NULL,NULL,NULL),(6792,'Caja octogonal chapa chica 20 8cm','',100149,'unidad',0,'2015-06-15',1,9,'',0,'2015-12-30',5,3,1,NULL,NULL,NULL,NULL,NULL,NULL,NULL,NULL),(6793,'Caja octogonal chapa grande','',100150,'unidad',0,'2015-06-15',0.6,20,'',0,'2015-12-30',8,7,1,NULL,NULL,NULL,NULL,NULL,NULL,NULL,NULL),(6794,'Caja octogonal plástico grande ','',100151,'unidad',0,'2015-06-15',0.6,25,'',0,'2015-12-30',1,0,1,NULL,NULL,NULL,NULL,NULL,NULL,NULL,NULL),(6795,'Caja IP40 PVC 6P Ext Tapa 159x140x90','7798138240759',100152,'unidad',0,'2015-06-15',0.4,167,'',0,'2015-12-30',1,70,1,NULL,NULL,NULL,NULL,NULL,NULL,NULL,NULL),(6796,'Caja IP40 PVC 6P Emb Tapa 158x140x88','7798138240841',100153,'unidad',0,'2015-06-15',0.5,154,'',0,'2015-12-30',1,60,1,NULL,NULL,NULL,NULL,NULL,NULL,NULL,NULL),(6797,'Cable bipolar paralelo 1.5mm2 blanco','',100154,'metro',0,'2015-06-15',0.6,11,'rollo x100m',0,'2015-12-30',40,4,1,NULL,NULL,NULL,NULL,NULL,NULL,NULL,NULL),(6798,'Cable tipo taller 3x1mm2','',100155,'metro',6,'2015-06-15',0.83,18,'rollo x100m',0,'2015-12-30',50,6,1,NULL,NULL,NULL,NULL,NULL,NULL,NULL,NULL),(6799,'Cable tipo taller 3x1.5mm2','0',100156,'metro',9,'2016-02-06',0.83,19,'rollo x100m',0,'2016-02-06',78,11,1,'00TT31.5',0,3,0,1.21,0,0,NULL),(6800,'Cable unipolar 2.5mm2 celeste','',100157,'metro',3,'2015-06-15',1,13,'rollo x100m',0,'2015-12-30',50,4,1,NULL,NULL,NULL,NULL,NULL,NULL,NULL,NULL),(6801,'Cable unipolar 2.5mm2 rojo','0',100158,'metro',4,'2016-02-06',1,10,'rollo x100m',0,'2016-02-06',-22,5,1,'00UN2.5RJ',0,3,0,1.21,0,0,NULL),(6802,'Cable unipolar 2.5mm2 negro','',100159,'metro',3,'2015-06-15',1,13,'rollo x100m',0,'2015-12-30',126,4,1,NULL,NULL,NULL,NULL,NULL,NULL,NULL,NULL),(6803,'Cable unipolar 1.5mm2 verde/amarillo','',100160,'metro',2,'2015-06-15',1,8,'rollo x100m',0,'2015-12-30',90,2,1,NULL,NULL,NULL,NULL,NULL,NULL,NULL,NULL),(6804,'Cable UTP 3M Volition cat5e interior','',100161,'metro',0,'2015-06-15',1,13,'',0,'2015-12-30',50,4,1,NULL,NULL,NULL,NULL,NULL,NULL,NULL,NULL),(6805,'Cable telefónico/portero 1 par interior','',100162,'metro',0,'2015-06-15',1,3,'',0,'2015-12-30',149,1,1,NULL,NULL,NULL,NULL,NULL,NULL,NULL,NULL),(6806,'Adaptador 2p redondas a 3p','0',100163,'unidad',11.43,'2016-02-16',1.4,33.1927,'0',0,'2016-02-16',14,13.8303,1,'0',0,8,0,1.21,0,0,NULL),(6807,'Adaptador 2p planas a 3p (110V - MIG)','0',100164,'unidad',13.6,'2016-02-16',1,32.912,'0',0,'2016-02-16',20,16.456,1,'0',0,8,0,1.21,0,0,NULL),(6808,'Enchufe Richi ficha macho 10A 3P.Chatos Fir.Sal.Lat Marf 283','',100165,'unidad',12,'2015-06-15',0.71,30,'',0,'2015-12-30',27,13,1,NULL,NULL,NULL,NULL,NULL,NULL,NULL,NULL),(6809,'Enchufe Richi ficha hembra 10A con toma tierra Marf 287','',100166,'unidad',9,'2015-06-15',0.75,24,'',0,'2015-12-30',46,10,1,NULL,NULL,NULL,NULL,NULL,NULL,NULL,NULL),(6810,'Enchufe Richi ficha macho 20A 3p chatos marfil','',100167,'unidad',0,'2015-06-15',0.87,33,'',0,'2015-12-30',3,11,1,NULL,NULL,NULL,NULL,NULL,NULL,NULL,NULL),(6811,'Zapatilla Richi prolongador 5 tomas c/cable 1.5m term mf','',100168,'unidad',90,'2016-02-06',0.6,174,'0',0,'2016-02-06',10,109,1,'001385716105',0,3,0,1.21,0,0,NULL),(6812,'Zapatilla Richi prolongador 5 tomas c/cable 2.5m term mf','',100169,'unidad',96,'2015-06-15',0.5,245,'',0,'2015-12-30',0,98,1,NULL,NULL,NULL,NULL,NULL,NULL,NULL,NULL),(6813,'Base 2 tomas Richi multiples marfil s/cable 455','',100170,'unidad',0,'2015-06-15',0.44,58,'',0,'2015-12-30',0,24,1,NULL,NULL,NULL,NULL,NULL,NULL,NULL,NULL),(6814,'Cambre módulo toma 20A c/tierra -2-blanco','',100171,'unidad',0,'2015-06-15',0.72,47,'',0,'2015-12-30',0,16,1,NULL,NULL,NULL,NULL,NULL,NULL,NULL,NULL),(6815,'Cambre capuchón 2módulos blanco','',100172,'unidad',0,'2015-06-15',0.8,17,'',0,'2015-12-30',0,6,1,NULL,NULL,NULL,NULL,NULL,NULL,NULL,NULL),(6816,'Cinta aisladora Tacsa Flex-Pro180 10mx19mmx0.18','7798039292406',100173,'unidad',0,'2015-06-15',0.6,35,'',0,'2015-12-30',2,0,1,NULL,NULL,NULL,NULL,NULL,NULL,NULL,NULL),(6817,'Cinta aisladora Tacsa Flex-Pro180 20mx19mmx0.18','7798039292505',100174,'unidad',18.11,'2016-02-06',0.6,35,'0',0,'2016-02-06',20,22,1,'00FLEXPRO20NG',0,3,0,1.21,0,0,NULL),(6818,'Cinta aisladora 3M económica 19x20mts negra','7792840002308',100175,'unidad',0,'2015-06-15',0.7,51,'',0,'2015-12-30',1,0,1,NULL,NULL,NULL,NULL,NULL,NULL,NULL,NULL),(6819,'Cinta aisladora 3M Scotch 770 19x20mts negra','7792840002315',100176,'unidad',22,'2015-06-15',0.7,51,'',0,'2015-12-30',38,22,1,NULL,NULL,NULL,NULL,NULL,NULL,NULL,NULL),(6820,'Cinta autosoldable caucho Tacsa 19mmx4.57m Negra','7798039290846',100177,'unidad',0,'2015-06-15',0,30,'',0,'2015-12-30',4,0,1,NULL,NULL,NULL,NULL,NULL,NULL,NULL,NULL),(6821,'Portalámpara E27 p/intemperie c/cable 12','',100178,'unidad',10,'2015-06-15',1.5,43,'',0,'2015-12-30',40,10,1,NULL,NULL,NULL,NULL,NULL,NULL,NULL,NULL),(6822,'Lámpara Phillips Genie bajo consumo 11W Luz Clara','',100179,'unidad',0,'2015-06-15',0.6,62,'',0,'2015-12-30',0,24,1,NULL,NULL,NULL,NULL,NULL,NULL,NULL,NULL),(6823,'Lámpara Phillips Electrónica EcoHome bajo consumo 14W Luz Suave/cálida WW Genie','8710163405858',100180,'unidad',41.66,'2016-02-06',0.6,81,'0',0,'2016-02-06',10,50,1,'00ECOHOME14WWW',0,3,0,1.21,0,0,NULL),(6824,'Lámpara Phillips EcoHome bajo consumo 18W Luz Clara','',100181,'unidad',30,'2015-06-15',0.8,88,'',0,'2015-12-30',0,30,1,NULL,NULL,NULL,NULL,NULL,NULL,NULL,NULL),(6825,'Lámpara Phillips Genie bajo consumo 18W','',100182,'unidad',0,'2015-06-15',0.7,8,'',0,'2015-12-30',0,28,1,NULL,NULL,NULL,NULL,NULL,NULL,NULL,NULL),(6826,'Lámpara Alic/Lumenac Bajo Consumo 20W 3U Luz cálida 2700k','',100183,'unidad',46,'2015-06-15',0.55,80,'',0,'2015-12-30',0,47,1,NULL,NULL,NULL,NULL,NULL,NULL,NULL,NULL),(6827,'Lámpara Philips Twister Bajo Consumo 20W E27 CDL','8710163405445',100184,'unidad',41,'2015-06-15',0.6,90,'',0,'2015-12-30',10,42,1,NULL,NULL,NULL,NULL,NULL,NULL,NULL,NULL),(6828,'Lámpara Alic Bajo Consumo 26W 3U Luz día 6700k','',100185,'unidad',34,'2015-06-15',0.55,85,'',0,'2015-12-30',0,35,1,NULL,NULL,NULL,NULL,NULL,NULL,NULL,NULL),(6829,'Lámpara Halógena Philips clara classic 42W','8718291720751',100186,'unidad',12,'2015-06-15',1,42,'',0,'2015-12-30',52,13,1,NULL,NULL,NULL,NULL,NULL,NULL,NULL,NULL),(6830,'Lámpara Halógena Philips clara classic 53W','8718291720775',100187,'unidad',13,'2015-06-15',1,42,'',0,'2015-12-30',16,13,1,NULL,NULL,NULL,NULL,NULL,NULL,NULL,NULL),(6831,'Lámpara Halógena OSRAM clara classic 42W','4008321977342',100188,'unidad',12,'2015-06-15',1,42,'',0,'2015-12-30',-1,13,1,NULL,NULL,NULL,NULL,NULL,NULL,NULL,NULL),(6832,'Lámpara Halógena OSRAM clara classic 53W','',100189,'unidad',13,'2015-06-15',1,42,'',0,'2015-12-30',0,13,1,NULL,NULL,NULL,NULL,NULL,NULL,NULL,NULL),(6833,'Lámpara Halógena Alic clara 42W A19 E27','7798118818763',100190,'unidad',17,'2016-02-06',0.8,36,'0',0,'2016-02-06',40,20,1,'00CLARAHALOGENA42ALI',0,3,0,1.21,0,0,NULL),(6834,'Lámpara Halógena Alic clara 53W A19 E27','7798118818770',100191,'unidad',17,'2016-02-06',1.2,44,'0',0,'2016-02-06',24,20,1,'0',0,3,0,1.21,0,0,NULL),(6835,'Luminaria recargable 40 LEDs GAMASonic','7793981007139',100192,'unidad',227,'2015-06-15',0.45,563,'',0,'2015-12-30',2,234,1,NULL,NULL,NULL,NULL,NULL,NULL,NULL,NULL),(6836,'Luz emergencia Atomlux 30 LEDs aut. 18/24hs','',100193,'unidad',0,'2015-06-15',0.7,596,'',0,'2015-12-30',0,211,1,NULL,NULL,NULL,NULL,NULL,NULL,NULL,NULL),(6837,'Térmico 1P10A 4.5KA Curva C - Siemens/ABB','4016779632966',100194,'unidad',55,'2015-06-15',0.45,136,'',0,'2015-12-30',2,57,1,NULL,NULL,NULL,NULL,NULL,NULL,NULL,NULL),(6838,'Térmico 1P16A 4.5KA Curva C - Siemens/ABB','',100195,'unidad',55,'2015-06-15',0.55,146,'',0,'2015-12-30',0,57,1,NULL,NULL,NULL,NULL,NULL,NULL,NULL,NULL),(6839,'Térmico 1P20A 4.5KA Curva C - Siemens/ABB','',100196,'unidad',55,'2015-06-15',0.65,155,'',0,'2015-12-30',0,57,1,NULL,NULL,NULL,NULL,NULL,NULL,NULL,NULL),(6840,'Térmico 2P10A 3KA Curva C - Siemens/ABB','',100197,'unidad',0,'2015-06-15',0.5,192,'',0,'2015-12-30',0,77,1,NULL,NULL,NULL,NULL,NULL,NULL,NULL,NULL),(6841,'Térmico 2P16A 3KA Curva C - Siemens/ABB','',100198,'unidad',0,'2015-06-15',0.5,192,'',0,'2015-12-30',0,77,1,NULL,NULL,NULL,NULL,NULL,NULL,NULL,NULL),(6842,'Disyuntor diferencial 2P40A 30mA Sika','7791772037907',100199,'unidad',402.65,'2016-02-06',0.4,682,'0',0,'2016-02-06',1,487,1,'0',0,3,0,1.21,0,0,NULL),(6843,'Arrancador s-10 p/tubo 4A 65W 220V Phillips','8711500902993',100200,'unidad',0,'2015-06-15',2,12,'',0,'2015-12-30',21,3,1,NULL,NULL,NULL,NULL,NULL,NULL,NULL,NULL),(6844,'Cinta pasacable con memoria 10m plástica Kalop','7793863290109',100201,'unidad',50,'2016-02-06',0.7,103,'0',0,'2016-02-06',3,61,1,'00CPP10KAL',0,3,0,1.21,0,0,NULL),(6845,'Manguera corrugada 1\" Tubelectric ','7798039534407',100202,'metro',0,'2015-06-15',1,10,'rollo x25m',0,'2015-12-30',-20,3,1,NULL,NULL,NULL,NULL,NULL,NULL,NULL,NULL),(6846,'Manguera corrugada 3/4\"  ','',100203,'metro',2,'2015-06-15',1,8,'rollo x25m',0,'2015-12-30',0,2,1,NULL,NULL,NULL,NULL,NULL,NULL,NULL,NULL),(6847,'Manguera corrugada 1/2\" celeste Kaliplas ','',100204,'metro',0,'2015-06-15',1,6,'rollo x25m',0,'2015-12-30',0,2,1,NULL,NULL,NULL,NULL,NULL,NULL,NULL,NULL),(6848,'Adhesivo tubelectric 100ml','7798039534353',100205,'unidad',0,'2015-06-15',0.6,55,'',0,'2015-12-30',2,21,1,NULL,NULL,NULL,NULL,NULL,NULL,NULL,NULL),(6849,'Curva PVC 3/4 tubelectric','',100206,'unidad',0,'2015-06-15',0.7,12,'',0,'2015-12-30',0,4,1,NULL,NULL,NULL,NULL,NULL,NULL,NULL,NULL),(6850,'Curva PVC 5/8 tubelectric','',100207,'unidad',0,'2015-06-15',0.7,11,'',0,'2015-12-30',5,4,1,NULL,NULL,NULL,NULL,NULL,NULL,NULL,NULL),(6851,'Unión PVC 5/8 tubelectric x4','7798039534070',100208,'bolsa',0,'2015-06-15',1,25,'',0,'2015-12-30',2,7,1,NULL,NULL,NULL,NULL,NULL,NULL,NULL,NULL),(6852,'Unión PVC 1\" tubelectric x2','7798039535824',100209,'bolsa',0,'2015-06-15',1,15,'',0,'2015-12-30',2,5,1,NULL,NULL,NULL,NULL,NULL,NULL,NULL,NULL),(6853,'Conector 7/8 tubelectric x2','7798039535961',100210,'bolsa',0,'2015-06-15',0.8,27,'',0,'2015-12-30',2,9,1,NULL,NULL,NULL,NULL,NULL,NULL,NULL,NULL),(6855,'Grampa 3/4 tubelectric x4','',100212,'bolsa',0,'2015-06-15',1,25,'',0,'2015-12-30',0,7,1,NULL,NULL,NULL,NULL,NULL,NULL,NULL,NULL),(6856,'Grampa 5/8 tubelectric x4','7798039536012',100213,'bolsa',0,'2015-06-15',1,24,'',0,'2015-12-30',20,7,1,NULL,NULL,NULL,NULL,NULL,NULL,NULL,NULL),(6857,'Pincel cerda p/mecánico N2','',100214,'unidad',16,'2015-06-15',0.8,44,'',0,'2015-12-30',12,14,5,NULL,NULL,NULL,NULL,NULL,NULL,NULL,NULL),(6858,'Pincel cerda p/mecánico N3','',100215,'unidad',21,'2015-06-15',0.8,58,'',0,'2015-12-30',0,18,5,NULL,NULL,NULL,NULL,NULL,NULL,NULL,NULL),(6859,'Pincel cerda p/mecánico N4','',100216,'unidad',24,'2015-06-15',0.8,63,'',0,'2015-12-30',11,20,5,NULL,NULL,NULL,NULL,NULL,NULL,NULL,NULL),(6860,'Arco de sierra profesional Lin 35','',100217,'unidad',0,'2015-06-15',0.65,292,'',0,'2015-12-30',0,79,5,NULL,NULL,NULL,NULL,NULL,NULL,NULL,NULL),(6861,'Arco sierra junior profesional ElAbuelo','',100218,'unidad',0,'2015-06-15',0.5,228,'',0,'2015-12-30',0,67,5,NULL,NULL,NULL,NULL,NULL,NULL,NULL,NULL),(6862,'Hoja de sierra junior robust x10','',100219,'unidad',0,'2015-06-15',1,211,'',0,'2015-12-30',0,50,5,NULL,NULL,NULL,NULL,NULL,NULL,NULL,NULL),(6863,'Hoja de sierra a/rap 300x12.7x32dts SinPar HSS','',100220,'unidad',16,'2015-06-15',1,50,'',0,'2015-12-30',0,14,5,NULL,NULL,NULL,NULL,NULL,NULL,NULL,NULL),(6864,'Hoja de sierra a/rap 300x12.7x18dts SinPar HSS','',100221,'unidad',16,'2015-06-15',1,50,'',0,'2015-12-30',0,14,5,NULL,NULL,NULL,NULL,NULL,NULL,NULL,NULL),(6865,'Candado de bronce 30mm 505','7796010020680',100222,'unidad',68.6471,'2016-02-26',0.7,128.954,'0',0,'2016-02-26',4,75.8551,5,'CAN30',0,12,0,1.105,0,0,1),(6866,'Candado de bronce 40mm 505','7796010220677',100223,'unidad',80,'2015-06-15',0.7,239,'',0,'2015-12-30',1,68,5,NULL,NULL,NULL,NULL,NULL,NULL,NULL,NULL),(6867,'Candado de bronce doble traba 60mm Prive','',100224,'unidad',0,'2015-06-15',0.7,462,'',0,'2015-12-30',0,131,5,NULL,NULL,NULL,NULL,NULL,NULL,NULL,NULL),(6868,'Cerradura 200 Caja derecha 140x63 F 220x25 PRIVE','7796011000193',100225,'unidad',109.4,'2016-02-26',1,241.774,'0',0,'2016-02-26',2,120.887,5,'PRI200',0,12,0,1.105,0,0,1),(6869,'Cerradura 63.5x127 f 20x185 d/paleta PRIVE 207','7796011000315',100226,'unidad',97.2309,'2016-02-26',1,214.88,'0',0,'2016-02-26',2,107.44,5,'PRI0207',0,12,0,1.105,0,0,1),(6870,'Cerradura 903 C 63.5x127 F 20x215 Zinc ROA','7793788009039',100227,'unidad',111.53,'2016-02-26',1,246.481,'0',0,'2016-02-26',2,123.241,5,'ROA903',0,12,0,1.105,0,0,1),(6871,'Pasador tipo resorte','7797679107446',100228,'unidad',0,'2015-06-15',0.6,106,'',0,'2015-12-30',2,39,5,NULL,NULL,NULL,NULL,NULL,NULL,NULL,NULL),(6872,'Pasador tipo resorte 46mm ','7797679137429',100229,'unidad',0,'2015-06-15',0.6,169,'',0,'2015-12-30',1,62,5,NULL,NULL,NULL,NULL,NULL,NULL,NULL,NULL),(6873,'Pasador porta-candado forjado 38x3','',100230,'unidad',0,'2015-06-15',0.5,279,'',0,'2015-12-30',2,91,5,NULL,NULL,NULL,NULL,NULL,NULL,NULL,NULL),(6874,'Portacandado charolado 3','7797679933953',100231,'unidad',0,'2015-06-15',0.6,42,'',0,'2015-12-30',6,13,5,NULL,NULL,NULL,NULL,NULL,NULL,NULL,NULL),(6875,'Portacandado charolado 4','7797679933960',100232,'unidad',0,'2015-06-15',0.6,55,'',0,'2015-12-30',9,15,5,NULL,NULL,NULL,NULL,NULL,NULL,NULL,NULL),(6876,'Cadena de seguridad ho cro 55x29x21','7797679940616',100233,'unidad',0,'2015-06-15',0.45,164,'',0,'2015-12-30',2,54,5,NULL,NULL,NULL,NULL,NULL,NULL,NULL,NULL),(6877,'Aldaba con base enganche zinc ','797679733492',100234,'unidad',0,'2015-06-15',0.55,74,'',0,'2015-12-30',2,19,5,NULL,NULL,NULL,NULL,NULL,NULL,NULL,NULL),(6878,'Manija ministerio D/B BCE Pulido 3404 LUPUM','',100235,'unidad',53,'2015-06-15',0.8,130,'',0,'2015-12-30',-1,45,5,NULL,NULL,NULL,NULL,NULL,NULL,NULL,NULL),(6879,'Manija chinchina girat bronce pulido 3510 LUPUM','',100236,'unidad',29,'2015-06-15',0.8,77,'',0,'2015-12-30',10,24,5,NULL,NULL,NULL,NULL,NULL,NULL,NULL,NULL),(6880,'Pomela doble 80x55 der/izq bronce pulido 5302 LUPUM','',100237,'unidad',52,'2015-06-15',0.7,131,'',0,'2015-12-30',0,44,5,NULL,NULL,NULL,NULL,NULL,NULL,NULL,NULL),(6881,'Bisagra ficha 51mm x2','',100238,'unidad',0,'2015-06-15',0.7,81,'',0,'2015-12-30',0,20,5,NULL,NULL,NULL,NULL,NULL,NULL,NULL,NULL),(6882,'Bisagra forjada atornillar 32x3x3','7797679902270',100239,'unidad',0,'2015-06-15',0.5,236,'',0,'2015-12-30',4,78,5,NULL,NULL,NULL,NULL,NULL,NULL,NULL,NULL),(6883,'Tijera p/podar 24cm forjada Biassoni','',100240,'unidad',160,'2015-06-15',0.6,372,'',0,'2015-12-30',3,136,5,NULL,NULL,NULL,NULL,NULL,NULL,NULL,NULL),(6884,'Disco de corte 115x1.2x22.2 SIN-PAR','411151202227',100241,'unidad',9.21,'2016-02-26',0.7,18.945,'0',0,'2016-02-26',58,11.1441,5,'SIN1521',0,12,0,1.21,0,0,1),(6885,'Disco de corte Mayerot p/metal 7\"x3.2 (p\'amoladora grande)','',100242,'unidad',0,'2015-06-15',0.8,53,'',0,'2015-12-30',-1,13,5,NULL,NULL,NULL,NULL,NULL,NULL,NULL,NULL),(6886,'Disco de corte para sensitiva Sinpar 350x3.2x25.4','413503202541',100243,'unidad',49,'2015-06-15',0.6,126,'',0,'2015-12-30',3,41,5,NULL,NULL,NULL,NULL,NULL,NULL,NULL,NULL),(6887,'Disco de amolar p/desbastar 115x6x22.2 SIN-PAR','271156002228',100244,'unidad',15,'2015-06-15',0.8,40,'',0,'2015-12-30',1,12,5,NULL,NULL,NULL,NULL,NULL,NULL,NULL,NULL),(6888,'Disco de amolar Skil 7\"','3165140523646',100245,'unidad',0,'2015-06-15',0.5,95,'',0,'2015-12-30',2,27,5,NULL,NULL,NULL,NULL,NULL,NULL,NULL,NULL),(6889,'Disco diamantado DeWalt ranur 4 5 dw47450L','',100246,'unidad',0,'2015-06-15',0.5,211,'',0,'2015-12-30',0,60,5,NULL,NULL,NULL,NULL,NULL,NULL,NULL,NULL),(6890,'Disco diamantado turbo de 4 1/2\" Diamantec','',100247,'unidad',0,'2015-06-15',0.6,209,'',0,'2015-12-30',0,53,5,NULL,NULL,NULL,NULL,NULL,NULL,NULL,NULL),(6891,'Disco Flap Bosch 60','',100248,'unidad',0,'2015-06-15',0.7,123,'',0,'2015-12-30',0,30,5,NULL,NULL,NULL,NULL,NULL,NULL,NULL,NULL),(6892,'Disco Flap Bosch 80','',100249,'unidad',0,'2015-06-15',0.7,151,'',0,'2015-12-30',0,38,5,NULL,NULL,NULL,NULL,NULL,NULL,NULL,NULL),(6893,'Gafas seguridad','7798145201088',100250,'unidad',0,'2015-06-15',0.5,81,'',0,'2015-12-30',2,20,5,NULL,NULL,NULL,NULL,NULL,NULL,NULL,NULL),(6894,'Casco seguridad amarillo Saylens N/IRAM','',100251,'unidad',0,'2015-06-15',1,103,'',0,'2015-12-30',5,25,5,NULL,NULL,NULL,NULL,NULL,NULL,NULL,NULL),(6895,'Válvula esférica metálica importada 1/2\"','',100252,'unidad',44,'2015-06-15',0.6,106,'',0,'2015-12-30',5,37,5,NULL,NULL,NULL,NULL,NULL,NULL,NULL,NULL),(6896,'Válvula esférica metálica importada 3/4\"','2011032056',100253,'unidad',63,'2015-06-15',0.6,150,'',0,'2015-12-30',1,53,5,NULL,NULL,NULL,NULL,NULL,NULL,NULL,NULL),(6897,'Válvula esférica paso Valforte Platinum Total HH RF-Plus 1/2\"','7798102316404',100254,'unidad',0,'2015-06-15',0.4,140,'',0,'2015-12-30',2,53,5,NULL,NULL,NULL,NULL,NULL,NULL,NULL,NULL),(6898,'Válvula esférica paso Valforte Platinum Total HH RF-Plus 3/4\"','',100255,'unidad',0,'2015-06-15',0.4,189,'',0,'2015-12-30',1,73,5,NULL,NULL,NULL,NULL,NULL,NULL,NULL,NULL),(6899,'Válvula esférica plástica LatynPlast 1/2\"','7798102316107',100256,'unidad',0,'2015-06-15',0.5,61,'',0,'2015-12-30',2,20,5,NULL,NULL,NULL,NULL,NULL,NULL,NULL,NULL),(6900,'Válvula esférica plástica LatynPlast 3/4\"','7798102316114',100257,'unidad',0,'2015-06-15',0.7,81,'',0,'2015-12-30',1,23,5,NULL,NULL,NULL,NULL,NULL,NULL,NULL,NULL),(6901,'Canilla esférica metálica importada 1/2\"','',100258,'unidad',0,'2015-06-15',0.7,133,'',0,'2015-12-30',0,23,5,NULL,NULL,NULL,NULL,NULL,NULL,NULL,NULL),(6902,'Canilla esférica metálica importada 3/4\"','',100259,'unidad',55,'2015-06-15',0.6,174,'',0,'2015-12-30',1,47,5,NULL,NULL,NULL,NULL,NULL,NULL,NULL,NULL),(6903,'Canilla esférica metálica Forjada LT-Plus 1/2\" MAN','',100260,'unidad',75,'2015-06-15',0.6,179,'',0,'2015-12-30',0,63,5,NULL,NULL,NULL,NULL,NULL,NULL,NULL,NULL),(6904,'Canilla esférica metálica Forjada LT-Plus 3/4\" MAN','7796908028576',100261,'unidad',0,'2015-06-15',0.4,264,'',0,'2015-12-30',1,61,5,NULL,NULL,NULL,NULL,NULL,NULL,NULL,NULL),(6905,'Canilla esférica plástica Latyn Plast 1/2\"','',100262,'unidad',0,'2015-06-15',0.4,63,'',0,'2015-12-30',0,91,5,NULL,NULL,NULL,NULL,NULL,NULL,NULL,NULL),(6906,'Canilla esférica plástica Latyn Plast 3/4\"','',100263,'unidad',0,'2015-06-15',0.4,75,'',0,'2015-12-30',0,19,5,NULL,NULL,NULL,NULL,NULL,NULL,NULL,NULL),(6907,'Guantes descarne gris','',100264,'par',0,'2015-06-15',0.4,68,'',0,'2015-12-30',6,20,5,NULL,NULL,NULL,NULL,NULL,NULL,NULL,NULL),(6908,'Guantes descarne amarillo','',100265,'par',25,'2015-06-15',0.7,96,'',0,'2015-12-30',6,21,5,NULL,NULL,NULL,NULL,NULL,NULL,NULL,NULL),(6909,'Guantes moteados blanco-azul','0',100266,'par',5.018,'2016-02-26',2,18.2153,'0',0,'2016-02-26',74,6.07178,5,'IMP30',0,12,0,1.21,0,0,0),(6910,'Guantes goma liviano n10-n11','',100267,'par',32.7411,'2016-02-26',1,79.2336,'0',0,'2016-02-26',31,39.6168,5,'0',0,12,0,1.21,0,0,0),(6911,'Guantes latex industrial SteelPro','',100268,'par',30,'2015-06-15',0.6,81,'',0,'2015-12-30',0,25,5,NULL,NULL,NULL,NULL,NULL,NULL,NULL,NULL),(6912,'Guantes soldador KVLR SteelPro','7798158243303',100269,'par',0,'2015-06-15',0.93,259,'',0,'2015-12-30',1,18,5,NULL,NULL,NULL,NULL,NULL,NULL,NULL,NULL),(6913,'Delantal soldador descarne con plomo','',100270,'unidad',0,'2015-06-15',0.57,370,'',0,'2015-12-30',1,70,5,NULL,NULL,NULL,NULL,NULL,NULL,NULL,NULL),(6914,'Electrodo Conarco c-13 2.5mm','',100271,'Kg',0,'2015-06-15',0.92,121,'',0,'2015-12-30',19,99,5,NULL,NULL,NULL,NULL,NULL,NULL,NULL,NULL),(6915,'Electrodo Conarco c-13 3.2mm','',100272,'Kg',43,'2015-06-15',0.6,110,'',0,'2015-12-30',10,52,5,NULL,NULL,NULL,NULL,NULL,NULL,NULL,NULL),(6916,'Hilo polipropileno blanco','',100273,'bobina',31,'2015-06-15',0.6,65,'',0,'2015-12-30',43,37,5,NULL,NULL,NULL,NULL,NULL,NULL,NULL,NULL),(6917,'Hilo ancho para tutor negro ','',100274,'bobina',0,'2015-06-15',0.7,96,'',0,'2015-12-30',3,18,5,NULL,NULL,NULL,NULL,NULL,NULL,NULL,NULL),(6918,'Hilo cáñamo/choricero ovillo x50gr','',100275,'bobina',25,'2015-06-15',0.6,38,'',0,'2015-12-30',0,30,5,NULL,NULL,NULL,NULL,NULL,NULL,NULL,NULL),(6919,'Cabo p/lima plástico n3 (gris)','',100276,'unidad',8,'2015-06-15',2,35,'',0,'2015-12-30',6,7,5,NULL,NULL,NULL,NULL,NULL,NULL,NULL,NULL),(6920,'Cabo p/lima plástico n1 (celeste)','',100277,'unidad',12,'2015-06-15',0.7,30,'',0,'2015-12-30',12,10,5,NULL,NULL,NULL,NULL,NULL,NULL,NULL,NULL),(6921,'Lima paralela media fina de 15 cms','',100278,'unidad',10,'2015-06-15',0.7,35,'',0,'2015-12-30',0,9,5,NULL,NULL,NULL,NULL,NULL,NULL,NULL,NULL),(6922,'Lima paralela bastarda de 15 cms','',100279,'unidad',12,'2015-06-15',0.7,33,'',0,'2015-12-30',0,10,5,NULL,NULL,NULL,NULL,NULL,NULL,NULL,NULL),(6923,'Lima paralela bastarda de 25 cms','',100280,'unidad',11,'2015-06-15',0.7,55,'',0,'2015-12-30',1,10,5,NULL,NULL,NULL,NULL,NULL,NULL,NULL,NULL),(6924,'Lima redonda bastarda de 15 cms','',100281,'unidad',20,'2015-06-15',0.7,30,'',0,'2015-12-30',0,17,5,NULL,NULL,NULL,NULL,NULL,NULL,NULL,NULL),(6925,'Lima redonda bastarda de 25 cms','',100282,'unidad',10,'2015-06-15',0.7,53,'',0,'2015-12-30',0,8,5,NULL,NULL,NULL,NULL,NULL,NULL,NULL,NULL),(6926,'Lima redonda media fina 15 cms','',100283,'unidad',20,'2015-06-15',0.7,33,'',0,'2015-12-30',4,17,5,NULL,NULL,NULL,NULL,NULL,NULL,NULL,NULL),(6927,'Lima redonda media fina 25 cms','',100284,'unidad',12,'2015-06-15',0.7,58,'',0,'2015-12-30',5,10,5,NULL,NULL,NULL,NULL,NULL,NULL,NULL,NULL),(6928,'Cinta ancha transparente embalar - Económica 48mmx100m','0',100285,'unidad',16.36,'2016-02-06',0.85,37,'0',0,'2016-02-06',40,20,5,'0',0,4,0,1.21,0,0,NULL),(6929,'Cinta ancha tela DUCTAC Multip. Tacsa 48mmx9m B/N/R','7798039298590',100286,'unidad',12,'2016-02-26',0.7,0,'0',0,'2016-02-26',1,0,5,'0',0,0,0,0,0,0,0),(6930,'Cinta ancha tela DUCTAC Multip. Tacsa 48mmx28m B/N/R/G','',100287,'unidad',35,'2015-06-15',0.8,163,'',0,'2015-12-30',0,30,5,NULL,NULL,NULL,NULL,NULL,NULL,NULL,NULL),(6931,'Mecha acero rápido 2mm DeWalt x2','',100288,'unidad',0,'2015-06-15',0.6,61,'',0,'2015-12-30',0,45,5,NULL,NULL,NULL,NULL,NULL,NULL,NULL,NULL),(6932,'Mecha acero rápido 2.5mm DeWalt x2','',100289,'unidad',0,'2015-06-15',0.52,65,'',0,'2015-12-30',0,14,5,NULL,NULL,NULL,NULL,NULL,NULL,NULL,NULL),(6933,'Mecha acero rápido 3.25mm DeWalt','',100290,'unidad',0,'2015-06-15',0.52,47,'',0,'2015-12-30',0,15,5,NULL,NULL,NULL,NULL,NULL,NULL,NULL,NULL),(6934,'Mecha acero rápido 3.5mm DeWalt','',100291,'unidad',0,'2015-06-15',0.52,50,'',0,'2015-12-30',0,16,5,NULL,NULL,NULL,NULL,NULL,NULL,NULL,NULL),(6935,'Mecha acero rápido 4mm DeWalt','28877376820',100292,'unidad',0,'2015-06-15',0.52,58,'',0,'2015-12-30',1,16,5,NULL,NULL,NULL,NULL,NULL,NULL,NULL,NULL),(6936,'Mecha acero rápido 4.5mm DeWalt','',100293,'unidad',0,'2015-06-15',0.52,66,'',0,'2015-12-30',0,20,5,NULL,NULL,NULL,NULL,NULL,NULL,NULL,NULL),(6937,'Mecha acero rápido 5mm DeWalt','7896525081791',100294,'unidad',0,'2015-06-15',0.52,76,'',0,'2015-12-30',1,23,5,NULL,NULL,NULL,NULL,NULL,NULL,NULL,NULL),(6938,'Mecha acero rápido 5.5mm DeWalt','',100295,'unidad',0,'2015-06-15',0.55,81,'',0,'2015-12-30',0,26,5,NULL,NULL,NULL,NULL,NULL,NULL,NULL,NULL),(6939,'Mecha acero rápido 6mm','28877376905',100296,'unidad',0,'2015-06-15',0.52,91,'',0,'2015-12-30',1,18,5,NULL,NULL,NULL,NULL,NULL,NULL,NULL,NULL),(6940,'Mecha acero rápido 6.25mm','28877376912',100297,'unidad',0,'2015-06-15',0.5,96,'',0,'2015-12-30',1,31,5,NULL,NULL,NULL,NULL,NULL,NULL,NULL,NULL),(6941,'Mecha acero rápido 6.5mm','28877376929',100298,'unidad',0,'2015-06-15',0.46,103,'',0,'2015-12-30',1,22,5,NULL,NULL,NULL,NULL,NULL,NULL,NULL,NULL),(6942,'Mecha acero rápido 7mm','28877376943',100299,'unidad',0,'2015-06-15',0.5,115,'',0,'2015-12-30',2,22,5,NULL,NULL,NULL,NULL,NULL,NULL,NULL,NULL),(6943,'Mecha acero rápido 7.5mm','28877376967',100300,'unidad',0,'2015-06-15',0.5,126,'',0,'2015-12-30',1,40,5,NULL,NULL,NULL,NULL,NULL,NULL,NULL,NULL),(6944,'Mecha acero rápido 8mm','28877376981',100301,'unidad',0,'2015-06-15',0.45,135,'',0,'2015-12-30',1,33,5,NULL,NULL,NULL,NULL,NULL,NULL,NULL,NULL),(6945,'Mecha acero rápido 8.25mm','28877376998',100302,'unidad',0,'2015-06-15',0.38,140,'',0,'2015-12-30',2,37,5,NULL,NULL,NULL,NULL,NULL,NULL,NULL,NULL),(6946,'Mecha acero rápido 8.5mm','28877377001',100303,'unidad',0,'2015-06-15',0.37,13,'',0,'2015-12-30',1,39,5,NULL,NULL,NULL,NULL,NULL,NULL,NULL,NULL),(6947,'Mecha acero rápido 10mm','',100304,'unidad',0,'2015-06-15',0.35,156,'',0,'2015-12-30',0,50,5,NULL,NULL,NULL,NULL,NULL,NULL,NULL,NULL),(6948,'Mecha pared 6mm','7798084820838',100305,'unidad',0,'2015-06-15',0.54,50,'',0,'2015-12-30',2,17,5,NULL,NULL,NULL,NULL,NULL,NULL,NULL,NULL),(6949,'Mecha pared 9mm','',100306,'unidad',0,'2015-06-15',0.5,83,'',0,'2015-12-30',0,28,5,NULL,NULL,NULL,NULL,NULL,NULL,NULL,NULL),(6950,'Mecha pared 10mm','',100307,'unidad',0,'2015-06-15',0.5,100,'',0,'2015-12-30',0,33,5,NULL,NULL,NULL,NULL,NULL,NULL,NULL,NULL),(6951,'Mecha para madera dia 3/8\" corta 9.25mm Biassoni tal. elect.','7798102254904',100308,'unidad',44,'2015-06-15',0.6,85,'',0,'2015-12-30',6,37,5,NULL,NULL,NULL,NULL,NULL,NULL,NULL,NULL),(6952,'Mecha para madera dia 3/8\" corta 9.25mm Biassoni tal. Manual','7798102254669',100309,'unidad',40,'2015-06-15',0.6,78,'',0,'2015-12-30',0,34,5,NULL,NULL,NULL,NULL,NULL,NULL,NULL,NULL),(6953,'Mecha para madera dia 3/8\" larga 250mm Biassoni tal. elect.','',100310,'unidad',0,'2015-06-15',0.4,123,'',0,'2015-12-30',0,35,5,NULL,NULL,NULL,NULL,NULL,NULL,NULL,NULL),(6954,'Mecha para madera dia. 8mm. largo 200mm DeWalt','',100311,'unidad',0,'2015-06-15',0.4,133,'',0,'2015-12-30',0,35,5,NULL,NULL,NULL,NULL,NULL,NULL,NULL,NULL),(6955,'Taladro carpintero de pecho sin criket Biassoni','',100312,'unidad',392,'2015-06-15',0.6,764,'',0,'2015-12-30',1,332,5,NULL,NULL,NULL,NULL,NULL,NULL,NULL,NULL),(6956,'Hoja para caladora para metal DeWalt','',100313,'unidad',0,'2015-06-15',1,55,'',0,'2015-12-30',3,10,5,NULL,NULL,NULL,NULL,NULL,NULL,NULL,NULL),(6957,'Hoja para caladora para madera DeWalt','',100314,'unidad',0,'2015-06-15',1,51,'',0,'2015-12-30',0,9,5,NULL,NULL,NULL,NULL,NULL,NULL,NULL,NULL),(6958,'Remache 3.5x12mm x50','',100315,'bolsa',0,'2015-06-15',0.65,95,'',0,'2015-12-30',2,24,5,NULL,NULL,NULL,NULL,NULL,NULL,NULL,NULL),(6959,'Remache 3.5x12mm x10','',100316,'bolsa',0,'2015-06-15',1.07,28,'',0,'2015-12-30',4,5,5,NULL,NULL,NULL,NULL,NULL,NULL,NULL,NULL),(6960,'Remache 4x14mm x50','',100317,'bolsa',0,'2015-06-15',0.65,95,'',0,'2015-12-30',0,24,5,NULL,NULL,NULL,NULL,NULL,NULL,NULL,NULL),(6961,'Remache 4x14mm x10','',100318,'bolsa',0,'2015-06-15',1.07,28,'',0,'2015-12-30',-1,5,5,NULL,NULL,NULL,NULL,NULL,NULL,NULL,NULL),(6962,'Remache 4.8x14mm x10','',100319,'unidad',0,'2015-06-15',1.5,45,'',0,'2015-12-30',0,7,5,NULL,NULL,NULL,NULL,NULL,NULL,NULL,NULL),(6963,'Arandela plana 3/16 x10','',100320,'bolsa',0,'2015-06-15',1.5,25,'',0,'2015-12-30',3,4,5,NULL,NULL,NULL,NULL,NULL,NULL,NULL,NULL),(6964,'Arandela plana 5/16 x5','',100321,'bolsa',0,'2015-06-15',1.5,20,'',0,'2015-12-30',1,3,5,NULL,NULL,NULL,NULL,NULL,NULL,NULL,NULL),(6965,'Arandela Grower 3/8 x5','',100322,'bolsa',0,'2015-06-15',1.5,20,'',0,'2015-12-30',4,4,5,NULL,NULL,NULL,NULL,NULL,NULL,NULL,NULL),(6966,'Tuerca métrica 6 x10','',100323,'bolsa',0,'2015-06-15',1.5,20,'',0,'2015-12-30',1,3,5,NULL,NULL,NULL,NULL,NULL,NULL,NULL,NULL),(6967,'Tuerca métrica 6 x50','',100324,'bolsa',0,'2015-06-15',1.5,75,'',0,'2015-12-30',1,15,5,NULL,NULL,NULL,NULL,NULL,NULL,NULL,NULL),(6968,'Tuerca 1/4 (6.3mm) x10','',100325,'bolsa',0,'2015-06-15',1.5,28,'',0,'2015-12-30',0,4,5,NULL,NULL,NULL,NULL,NULL,NULL,NULL,NULL),(6969,'Tuerca  1/4 (6.3mm) x50','',100326,'bolsa',0,'2015-06-15',1.5,93,'',0,'2015-12-30',2,18,5,NULL,NULL,NULL,NULL,NULL,NULL,NULL,NULL),(6970,'Clavo espiralado 1 1/2\" x500gr','',100327,'bolsa',0,'2015-06-15',1.42,65,'',0,'2015-12-30',0,10,5,NULL,NULL,NULL,NULL,NULL,NULL,NULL,NULL),(6971,'Clavo espiralado 1 1/2\" x100gr','',100328,'bolsa',0,'2015-06-15',1.9,20,'',0,'2015-12-30',0,2,5,NULL,NULL,NULL,NULL,NULL,NULL,NULL,NULL),(6972,'Clavo espiralado 2\" x500gr','',100329,'bolsa',0,'2015-06-15',1.32,58,'',0,'2015-12-30',0,11,5,NULL,NULL,NULL,NULL,NULL,NULL,NULL,NULL),(6973,'Clavo espiralado 2\" x100gr','',100330,'bolsa',0,'2015-06-15',2,20,'',0,'2015-12-30',0,2,5,NULL,NULL,NULL,NULL,NULL,NULL,NULL,NULL),(6974,'Clavo espiralado 3\" x500gr','',100331,'bolsa',0,'2015-06-15',1.24,56,'',0,'2015-12-30',0,10,5,NULL,NULL,NULL,NULL,NULL,NULL,NULL,NULL),(6975,'Clavo espiralado 3\" x100gr','',100332,'bolsa',0,'2015-06-15',2.05,20,'',0,'2015-12-30',0,2,5,NULL,NULL,NULL,NULL,NULL,NULL,NULL,NULL),(6976,'Clavo liso cabeza chata Gerdau 8/16 x1kg','',100333,'kg',0,'2015-06-15',2,95,'',0,'2015-12-30',3,13,5,NULL,NULL,NULL,NULL,NULL,NULL,NULL,NULL),(6977,'Clavo liso cabeza perdida 8/20 x1kg','',100334,'kg',0,'2015-06-15',1,95,'',0,'2015-12-30',1,32,5,NULL,NULL,NULL,NULL,NULL,NULL,NULL,NULL),(6978,'Clavo liso punta parís 1\" x1kg','',100335,'kg',0,'2015-06-15',1,95,'',0,'2015-12-30',3,21,5,NULL,NULL,NULL,NULL,NULL,NULL,NULL,NULL),(6979,'Clavo liso punta parís 1 1/2\" x1kg','',100336,'kg',0,'2015-06-15',1,95,'',0,'2015-12-30',5,22,5,NULL,NULL,NULL,NULL,NULL,NULL,NULL,NULL),(6980,'Clavo liso punta parís 2\" Acindar/Gerdau x1kg','',100337,'bolsa',21,'2015-06-15',1.5,64,'',0,'2015-12-30',8,17,5,NULL,NULL,NULL,NULL,NULL,NULL,NULL,NULL),(6981,'Clavo liso punta parís 2 1/2\" Acindar/Sipar x1kg','',100338,'bolsa',20,'2015-06-15',2,83,'',0,'2015-12-30',7,17,5,NULL,NULL,NULL,NULL,NULL,NULL,NULL,NULL),(6982,'Clavo cabeza de plomo 3\" x100 unidades SIPAR','',100339,'bolsa',38,'2015-06-15',1,125,'',0,'2015-12-30',2,33,5,NULL,NULL,NULL,NULL,NULL,NULL,NULL,NULL),(6983,'Grampa blanca x50u n10','',100340,'bolsa',0,'2015-06-15',0.4,63,'',0,'2015-12-30',0,21,5,NULL,NULL,NULL,NULL,NULL,NULL,NULL,NULL),(6984,'Grampa blanca x10u n10','',100341,'bolsa',0,'2015-06-15',1,14,'',0,'2015-12-30',4,2,5,NULL,NULL,NULL,NULL,NULL,NULL,NULL,NULL),(6985,'Grampa redonda negra x20u n10','',100342,'bolsa',0,'2015-06-15',0.45,51,'',0,'2015-12-30',0,13,5,NULL,NULL,NULL,NULL,NULL,NULL,NULL,NULL),(6986,'Crayon industrial blanco Dixon c/u','',100343,'unidad',3,'2015-06-15',3,20,'',0,'2015-12-30',8,3,5,NULL,NULL,NULL,NULL,NULL,NULL,NULL,NULL),(6987,'Grasa multiuso 250gr Max10','',100344,'unidad',14,'2015-06-15',1,50,'',0,'2015-12-30',5,12,5,NULL,NULL,NULL,NULL,NULL,NULL,NULL,NULL),(6988,'Cola sintética Fortex A20 x200gr extra c/pico','',100345,'unidad',14,'2015-06-15',1,46,'',0,'2015-12-30',1,12,5,NULL,NULL,NULL,NULL,NULL,NULL,NULL,NULL),(6989,'Cola sintética Fortex A20 x250gr extra 1/4','',100346,'unidad',0,'2015-06-15',1,44,'',0,'2015-12-30',6,8,5,NULL,NULL,NULL,NULL,NULL,NULL,NULL,NULL),(6990,'Cola sintética Fortex A20 x500gr extra 1/4','',100347,'unidad',24,'2015-06-15',1,77,'',0,'2015-12-30',8,20,5,NULL,NULL,NULL,NULL,NULL,NULL,NULL,NULL),(6991,'Pitón zinc c/arandela met. Abierto 6mm x5','',100348,'unidad',3,'2015-06-15',3,20,'',0,'2015-12-30',0,2,5,NULL,NULL,NULL,NULL,NULL,NULL,NULL,NULL),(6992,'Pitón zinc c/arandela met. Cerrado 6mm x5','',100349,'unidad',3,'2015-06-15',3,20,'',0,'2015-12-30',0,2,5,NULL,NULL,NULL,NULL,NULL,NULL,NULL,NULL),(6993,'Pitón zinc c/arandela met. Escuadra 6mm x5','',100350,'unidad',3,'2015-06-15',3,20,'',0,'2015-12-30',0,2,5,NULL,NULL,NULL,NULL,NULL,NULL,NULL,NULL),(6994,'Tarugo 6x30mm sin tope x50','',100351,'bolsa',0,'2015-06-15',2,44,'',0,'2015-12-30',10,7,5,NULL,NULL,NULL,NULL,NULL,NULL,NULL,NULL),(6995,'Tarugo 6x30mm sin tope x10','',100352,'bolsa',0,'2015-06-15',2.75,16,'',0,'2015-12-30',6,1,5,NULL,NULL,NULL,NULL,NULL,NULL,NULL,NULL),(6996,'Tarugo 8x35mm sin tope x50','',100353,'bolsa',0,'2015-06-15',1.5,77,'',0,'2015-12-30',9,14,5,NULL,NULL,NULL,NULL,NULL,NULL,NULL,NULL),(6997,'Tarugo 8x35mm sin tope x10','',100354,'bolsa',0,'2015-06-15',1.75,35,'',0,'2015-12-30',8,6,5,NULL,NULL,NULL,NULL,NULL,NULL,NULL,NULL),(6998,'Tornillo madera autoperforante 6x1 1/2 D (3.8x38mm) x50','',100355,'bolsa',0,'2015-06-15',0.88,66,'',0,'2015-12-30',0,13,5,NULL,NULL,NULL,NULL,NULL,NULL,NULL,NULL),(6999,'Tornillo madera autoperforante 6x1 1/2 D (3.8x38mm) x10','',100356,'bolsa',0,'2015-06-15',1.25,17,'',0,'2015-12-30',0,3,5,NULL,NULL,NULL,NULL,NULL,NULL,NULL,NULL),(7000,'Tornillo madera autoperforante 8x1 3/4 D (4.5x44mm) x50','',100357,'bolsa',0,'2015-06-15',0.88,105,'',0,'2015-12-30',0,22,5,NULL,NULL,NULL,NULL,NULL,NULL,NULL,NULL),(7001,'Tornillo madera autoperforante 8x1 3/4 D (4.5x44mm) x10','',100358,'bolsa',0,'2015-06-15',1.25,28,'',0,'2015-12-30',0,4,5,NULL,NULL,NULL,NULL,NULL,NULL,NULL,NULL),(7002,'Tornillo aguja autoperforante 8x9/16 Z (4.2x14mm) x50','',100359,'bolsa',0,'2015-06-15',1.41,55,'',0,'2015-12-30',2,8,5,NULL,NULL,NULL,NULL,NULL,NULL,NULL,NULL),(7003,'Tornillo aguja autoperforante 8x9/16 Z (4.2x14mm) x10','',100360,'bolsa',0,'2015-06-15',2,16,'',0,'2015-12-30',1,2,5,NULL,NULL,NULL,NULL,NULL,NULL,NULL,NULL),(7004,'Tornillo autoperforante hex tipo 2 14x2 con goma x5','',100361,'bolsa',0,'2015-06-15',1,46,'',0,'2015-12-30',5,10,5,NULL,NULL,NULL,NULL,NULL,NULL,NULL,NULL),(7005,'Tornillo phillips 6mm x 1\" x5','',100362,'bolsa',0,'2015-06-15',1,46,'',0,'2015-12-30',3,5,5,NULL,NULL,NULL,NULL,NULL,NULL,NULL,NULL),(7006,'Bulón Hex ma 6x25 x10','',100363,'bolsa',0,'2015-06-15',1,56,'',0,'2015-12-30',0,13,5,NULL,NULL,NULL,NULL,NULL,NULL,NULL,NULL),(7007,'Bulón Hex ma 6x25 con tuerca x5','',100364,'bolsa',0,'2015-06-15',1,56,'',0,'2015-12-30',0,13,5,NULL,NULL,NULL,NULL,NULL,NULL,NULL,NULL),(7008,'Bulón Hex con tuerca 5/16 x 3 1/2 x2','',100365,'bolsa',0,'2015-06-15',1,28,'',0,'2015-12-30',0,6,5,NULL,NULL,NULL,NULL,NULL,NULL,NULL,NULL),(7009,'Bulón con tuerca y grover 6mm 1\" x5','',100366,'bolsa',0,'2015-06-15',1,38,'',0,'2015-12-30',0,9,5,NULL,NULL,NULL,NULL,NULL,NULL,NULL,NULL),(7010,'Bulón con tuerca. arandela y grover 8mm 1\" x3','',100367,'bolsa',0,'2015-06-15',0.55,35,'',0,'2015-12-30',0,9,5,NULL,NULL,NULL,NULL,NULL,NULL,NULL,NULL),(7011,'Bulón con tuerca. arandela y grover 6mm 1\"1/2 x5','',100368,'bolsa',0,'2015-06-15',0.6,46,'',0,'2015-12-30',0,13,5,NULL,NULL,NULL,NULL,NULL,NULL,NULL,NULL),(7012,'Bulón con tuerca. arandela y grover 8mm 1\"1/2 x3','',100369,'bolsa',0,'2015-06-15',0.5,35,'',0,'2015-12-30',0,10,5,NULL,NULL,NULL,NULL,NULL,NULL,NULL,NULL),(7013,'Bulón con tuerca. arandela y grover 9.25mm 1\"1/2 x3','',100370,'bolsa',0,'2015-06-15',0.5,38,'',0,'2015-12-30',0,12,5,NULL,NULL,NULL,NULL,NULL,NULL,NULL,NULL),(7014,'Media Omega 3/4\"','',100371,'unidad',0,'2015-06-15',0.66,9,'',0,'2015-12-30',5,2,5,NULL,NULL,NULL,NULL,NULL,NULL,NULL,NULL),(7015,'Media Omega 1\"','',100372,'unidad',0,'2015-06-15',1,11,'',0,'2015-12-30',0,2,5,NULL,NULL,NULL,NULL,NULL,NULL,NULL,NULL),(7016,'Media Omega 1 1/2\"','',100373,'unidad',0,'2015-06-15',0.66,12,'',0,'2015-12-30',7,3,5,NULL,NULL,NULL,NULL,NULL,NULL,NULL,NULL),(7017,'Abrazadera Fleje 45/60mm-UN','',100374,'unidad',0,'2015-06-15',0.55,35,'',0,'2015-12-30',0,10,5,NULL,NULL,NULL,NULL,NULL,NULL,NULL,NULL),(7018,'Abrazadera Fleje 30/40mm-UN','',100375,'unidad',0,'2015-06-15',0.71,33,'',0,'2015-12-30',1,8,5,NULL,NULL,NULL,NULL,NULL,NULL,NULL,NULL),(7019,'Abrazadera Fleje 16/27mm-UN','',100376,'unidad',0,'2015-06-15',0.48,32,'',0,'2015-12-30',0,9,5,NULL,NULL,NULL,NULL,NULL,NULL,NULL,NULL),(7020,'Precinto 150x3.5mm','7890176044952',100377,'unidad',0,'2015-06-15',1,2,'',0,'2015-12-30',196,0,5,NULL,NULL,NULL,NULL,NULL,NULL,NULL,NULL),(7021,'Precinto 175x5mm','',100378,'unidad',0,'2015-06-15',1,2,'',0,'2015-12-30',0,0,5,NULL,NULL,NULL,NULL,NULL,NULL,NULL,NULL),(7022,'Precinto 202x4.6mm','7890176044976',100379,'unidad',0,'2015-06-15',1,2,'',0,'2015-12-30',320,0,5,NULL,NULL,NULL,NULL,NULL,NULL,NULL,NULL),(7023,'Precinto 245x4.6mm','',100380,'unidad',0,'2015-06-15',1,2,'',0,'2015-12-30',12,1,5,NULL,NULL,NULL,NULL,NULL,NULL,NULL,NULL),(7024,'Precinto 300x5mm','7798078590969',100381,'unidad',0,'2015-06-15',1,3,'',0,'2015-12-30',200,1,5,NULL,NULL,NULL,NULL,NULL,NULL,NULL,NULL),(7025,'Destornillador x6 piezas (negros) Celestal','0',100382,'pack',167.667,'2016-02-26',0.6,324.603,'0',0,'2016-02-26',1,202.877,5,'CEL2022',0,12,0,1.21,0,0,0),(7026,'Destornillador buscapolo ElAbuelo','0',100383,'unidad',0,'2016-02-26',0.52,0,'0',0,'2016-02-26',0,0,5,'0',1,0,0,0,0,0,0),(7027,'Destornillador plano Celestal 5036','',100384,'unidad',0,'2015-06-15',0.52,93,'',0,'2015-12-30',0,25,5,NULL,NULL,NULL,NULL,NULL,NULL,NULL,NULL),(7028,'Destornillador plano Celestal 5030','',100385,'unidad',0,'2015-06-15',0.5,66,'',0,'2015-12-30',1,20,5,NULL,NULL,NULL,NULL,NULL,NULL,NULL,NULL),(7029,'Destornillador phillips Celestal 5120','',100386,'unidad',0,'2015-06-15',0.52,86,'',0,'2015-12-30',0,25,5,NULL,NULL,NULL,NULL,NULL,NULL,NULL,NULL),(7030,'Destornillador phillips Celestal 5110','',100387,'unidad',0,'2015-06-15',0.5,66,'',0,'2015-12-30',0,20,5,NULL,NULL,NULL,NULL,NULL,NULL,NULL,NULL),(7031,'Destornillador plano Celestal chico de bolsillo','',100388,'unidad',0,'2015-06-15',0.47,56,'',0,'2015-12-30',0,15,5,NULL,NULL,NULL,NULL,NULL,NULL,NULL,NULL),(7032,'Destornillador phillips Celestal chico de bolsillo','',100389,'unidad',0,'2015-06-15',0.47,56,'',0,'2015-12-30',0,15,5,NULL,NULL,NULL,NULL,NULL,NULL,NULL,NULL),(7033,'Destornillador plano Celestal 4x100','',100390,'unidad',0,'2015-06-15',0.36,83,'',0,'2015-12-30',0,27,5,NULL,NULL,NULL,NULL,NULL,NULL,NULL,NULL),(7034,'Destornillador plano Celestal 5x150','7790783030310',100391,'unidad',0,'2015-06-15',0.31,115,'',0,'2015-12-30',0,40,5,NULL,NULL,NULL,NULL,NULL,NULL,NULL,NULL),(7035,'Destornillador plano Robust 6x100','',100392,'unidad',0,'2015-06-15',0.54,95,'',0,'2015-12-30',0,26,5,NULL,NULL,NULL,NULL,NULL,NULL,NULL,NULL),(7036,'Destornillador Phillips Robust 2x100','',100393,'unidad',0,'2015-06-15',0.54,95,'',0,'2015-12-30',0,26,5,NULL,NULL,NULL,NULL,NULL,NULL,NULL,NULL),(7037,'Destornillador Phillips Robust 3x150','',100394,'unidad',0,'2015-06-15',0.92,116,'',0,'2015-12-30',1,26,5,NULL,NULL,NULL,NULL,NULL,NULL,NULL,NULL),(7038,'Cortahierro hexagonal Biassoni 30cm','',100395,'unidad',0,'2015-06-15',0.5,204,'',0,'2015-12-30',0,64,5,NULL,NULL,NULL,NULL,NULL,NULL,NULL,NULL),(7039,'Cinta métrica - Metro x3mts 505 Retroblock x17mm Evel','7798008935334',100396,'unidad',53,'2015-06-15',0.7,130,'',0,'2015-12-30',1,45,5,NULL,NULL,NULL,NULL,NULL,NULL,NULL,NULL),(7040,'Cinta métrica - Metro x5mts 505 Retroblock x17mm Evel','',100397,'unidad',64,'2015-06-15',0.7,158,'',0,'2015-12-30',0,54,5,NULL,NULL,NULL,NULL,NULL,NULL,NULL,NULL),(7041,'Juego llaves hexagonales ALLEN mm 9 piezas','',100398,'unidad',71,'2015-06-15',0.7,179,'',0,'2015-12-30',0,60,5,NULL,NULL,NULL,NULL,NULL,NULL,NULL,NULL),(7042,'Juego llaves hexagonales ALLEN pulg. 9 piezas','',100399,'unidad',71,'2015-06-15',0.7,179,'',0,'2015-12-30',1,60,5,NULL,NULL,NULL,NULL,NULL,NULL,NULL,NULL),(7043,'Juego llaves hexagonales esféricas pulg. 9 piezas','7790783021134',100400,'unidad',153,'2015-06-15',0.7,387,'',0,'2015-12-30',1,130,5,NULL,NULL,NULL,NULL,NULL,NULL,NULL,NULL),(7044,'Boquilla magnética Wembley 1/4\" x 65mm (p/taladro)','',100401,'unidad',22,'2015-06-15',1,66,'',0,'2015-12-30',4,19,5,NULL,NULL,NULL,NULL,NULL,NULL,NULL,NULL),(7045,'Boquilla magnética Wembley 5/16\" x 45mm (p/taladro)','',100402,'unidad',20,'2015-06-15',1,61,'',0,'2015-12-30',4,17,5,NULL,NULL,NULL,NULL,NULL,NULL,NULL,NULL),(7046,'Llave combinada 10mm','0',100403,'unidad',0,'2016-02-26',1,0,'0',0,'2016-02-26',0,0,5,'0',1,0,0,0,0,0,0),(7047,'Llave hexagonal 11mm Stanley','0',100404,'unidad',0,'2016-02-26',0.79,0,'0',0,'2016-02-26',0,0,5,'0',1,0,0,0,0,0,0),(7048,'Llave hexagonal 12mm Stanley','',100405,'unidad',0,'2015-06-15',0.67,66,'',0,'2015-12-30',0,18,5,NULL,1,NULL,NULL,NULL,NULL,NULL,NULL),(7049,'Llave hexagonal 13mm Stanley','',100406,'unidad',0,'2015-06-15',0.67,88,'',0,'2015-12-30',0,24,5,NULL,1,NULL,NULL,NULL,NULL,NULL,NULL),(7050,'Llave hexagonal 14mm Stanley','',100407,'unidad',0,'2015-06-15',0.5,96,'',0,'2015-12-30',0,30,5,NULL,1,NULL,NULL,NULL,NULL,NULL,NULL),(7051,'Llave ajustable 8\"  Stanley 87-432','',100408,'unidad',0,'2015-06-15',0.8,193,'',0,'2015-12-30',0,39,5,NULL,NULL,NULL,NULL,NULL,NULL,NULL,NULL),(7052,'Llave ajustable 8\" Biassoni','',100409,'unidad',0,'2015-06-15',0.5,370,'',0,'2015-12-30',0,108,5,NULL,NULL,NULL,NULL,NULL,NULL,NULL,NULL),(7053,'Llave ajustable 10\" Biassoni','',100410,'unidad',0,'2015-06-15',0.5,447,'',0,'2015-12-30',0,144,5,NULL,NULL,NULL,NULL,NULL,NULL,NULL,NULL),(7054,'Pinza punta 6\" Stanley 84-101','',100411,'unidad',0,'2015-06-15',0.64,156,'',0,'2015-12-30',0,39,5,NULL,NULL,NULL,NULL,NULL,NULL,NULL,NULL),(7055,'Pinza punta 6\" Robust','',100412,'unidad',0,'2015-06-15',0.92,115,'',0,'2015-12-30',0,26,5,NULL,NULL,NULL,NULL,NULL,NULL,NULL,NULL),(7056,'Pinza pico de loro Robust 10\"','',100413,'unidad',0,'2015-06-15',0.5,221,'',0,'2015-12-30',0,68,5,NULL,NULL,NULL,NULL,NULL,NULL,NULL,NULL),(7057,'Pinza pico de loro regulable 10\" Biassoni','',100414,'unidad',159,'2015-06-15',0.5,404,'',0,'2015-12-30',0,135,5,NULL,NULL,NULL,NULL,NULL,NULL,NULL,NULL),(7058,'Pinza 8\" Stanley 84-023','',100415,'unidad',0,'2015-06-15',0.64,145,'',0,'2015-12-30',0,39,5,NULL,NULL,NULL,NULL,NULL,NULL,NULL,NULL),(7059,'Alicate 6\" Stanley 84-105','',100416,'unidad',0,'2015-06-15',0.64,145,'',0,'2015-12-30',0,39,5,NULL,NULL,NULL,NULL,NULL,NULL,NULL,NULL),(7060,'Alicate 6\" Robust','',100417,'unidad',0,'2015-06-15',0.92,115,'',0,'2015-12-30',0,26,5,NULL,NULL,NULL,NULL,NULL,NULL,NULL,NULL),(7061,'Lubricante WD40 155gr','',100418,'unidad',19,'2015-06-15',0.8,81,'',0,'2015-12-30',-2,23,5,NULL,NULL,NULL,NULL,NULL,NULL,NULL,NULL),(7062,'Lubricante WD40 311gr','',100419,'unidad',0,'2015-06-15',0.52,145,'',0,'2015-12-30',0,39,5,NULL,NULL,NULL,NULL,NULL,NULL,NULL,NULL),(7063,'Tenaza P/Armador 9\" Biassoni 1/2 Corte-225mm','',100420,'unidad',142,'2015-06-15',0.6,339,'',0,'2015-12-30',0,120,5,NULL,NULL,NULL,NULL,NULL,NULL,NULL,NULL),(7064,'Cutter Robust 18mm','0',100421,'unidad',0,'2016-02-20',0.73,0,'0',0,'2016-02-20',0,0,5,'0',1,0,0,0,0,0,0),(7065,'Martillo galponero Robust 225grs','',100422,'unidad',0,'2015-06-15',0.73,100,'',0,'2015-12-30',0,26,5,NULL,NULL,NULL,NULL,NULL,NULL,NULL,NULL),(7066,'Martillo galponero 27mm Tramontina Master','',100423,'unidad',0,'2015-06-15',0.57,133,'',0,'2015-12-30',0,38,5,NULL,NULL,NULL,NULL,NULL,NULL,NULL,NULL),(7067,'Martillo galponero Mazzuca','',100424,'unidad',79,'2015-06-15',0.6,189,'',0,'2015-12-30',1,67,5,NULL,NULL,NULL,NULL,NULL,NULL,NULL,NULL),(7068,'Martillo carpintero n18 Mazzuca (rompe nueces)','',100425,'unidad',37,'2015-06-15',0.6,86,'',0,'2015-12-30',1,31,5,NULL,NULL,NULL,NULL,NULL,NULL,NULL,NULL),(7069,'Maza p/albañil c/cabo de 1000gr LyL','0',100426,'unidad',0,'2016-02-26',0.55,0,'0',0,'2016-02-26',0,0,5,'0',1,0,0,0,0,0,0),(7070,'Remachadora universal Biassoni','7798172001866',100427,'unidad',0,'2015-06-15',0.55,384,'',0,'2015-12-30',1,107,5,NULL,NULL,NULL,NULL,NULL,NULL,NULL,NULL),(7071,'Serrucho p/podar curvo Det.Japones Biassoni 330','7798102259183',100428,'unidad',230,'2016-02-26',0.6,406.64,'0',0,'2016-02-26',2,254.15,5,'BIA1930',0,12,0,1.105,0,0,1),(7072,'Serrucho p/podar Tramontina','',100429,'unidad',0,'2015-06-15',0.8,184,'',0,'2015-12-30',0,46,5,NULL,NULL,NULL,NULL,NULL,NULL,NULL,NULL),(7073,'Poxiran 90gr','',100430,'unidad',0,'2015-06-15',0.6,80,'',0,'2015-12-30',0,23,5,NULL,NULL,NULL,NULL,NULL,NULL,NULL,NULL),(7074,'Poxiran 23gr','7794122013071',100431,'unidad',8,'2015-06-15',0.85,33,'',0,'2015-12-30',25,9,5,NULL,NULL,NULL,NULL,NULL,NULL,NULL,NULL),(7075,'La Gotita 2ml','7790400017199',100432,'unidad',11.24,'2016-02-26',0.6,21.7606,'0',0,'2016-02-26',36,13.6004,5,'119868',0,2,0,1.21,0,0,1),(7076,'La Gotita Gel 3g','7790400016727',100433,'unidad',11.9,'2016-02-26',0.6,23.0384,'0',0,'2016-02-26',40,14.399,5,'1143140',0,2,0,1.21,0,0,1),(7077,'Poxipol 16g','7790400014532',100434,'unidad',11,'2015-06-15',0.65,44,'',0,'2015-12-30',34,14,5,NULL,NULL,NULL,NULL,NULL,NULL,NULL,NULL),(7078,'Poxilina 38ml','',100435,'unidad',0,'2015-06-15',0.6,93,'',0,'2015-12-30',0,34,5,NULL,NULL,NULL,NULL,NULL,NULL,NULL,NULL),(7079,'Poxilina 70g','7790400001990',100436,'unidad',0,'2015-06-15',0.6,123,'',0,'2015-12-30',1,40,5,NULL,NULL,NULL,NULL,NULL,NULL,NULL,NULL),(7080,'Fastix alta temperatura 25g','',100437,'unidad',0,'2015-06-15',0.6,86,'',0,'2015-12-30',0,26,5,NULL,NULL,NULL,NULL,NULL,NULL,NULL,NULL),(7081,'Fastix 25g','7790400005271',100438,'unidad',0,'2015-06-15',0.5,78,'',0,'2015-12-30',2,25,5,NULL,NULL,NULL,NULL,NULL,NULL,NULL,NULL),(7082,'Fastix 100g','7794122001856',100439,'unidad',0,'2015-06-15',0.5,123,'',0,'2015-12-30',1,44,5,NULL,NULL,NULL,NULL,NULL,NULL,NULL,NULL),(7083,'Pulpito 50g','',100440,'unidad',0,'2015-06-15',0.6,56,'',0,'2015-12-30',0,17,5,NULL,NULL,NULL,NULL,NULL,NULL,NULL,NULL),(7084,'Pulpito 120g','7790400022841',100441,'unidad',0,'2015-06-15',0.6,86,'',0,'2015-12-30',1,25,5,NULL,NULL,NULL,NULL,NULL,NULL,NULL,NULL),(7085,'Masilla sintética Virabond 500gr','',100442,'unidad',0,'2015-06-15',0.5,86,'',0,'2015-12-30',0,26,5,NULL,NULL,NULL,NULL,NULL,NULL,NULL,NULL),(7086,'SellaRoscas Hidro3 50cc','',100443,'unidad',0,'2015-06-15',0.6,113,'',0,'2015-12-30',0,34,5,NULL,NULL,NULL,NULL,NULL,NULL,NULL,NULL),(7087,'Sellador IPS plus','',100444,'unidad',0,'2015-06-15',0.6,85,'',0,'2015-12-30',-1,23,5,NULL,NULL,NULL,NULL,NULL,NULL,NULL,NULL),(7088,'Sellador roscas agua Duke 90gr','7795418000256',100445,'unidad',35,'2015-06-15',1,103,'',0,'2015-12-30',1,30,5,NULL,NULL,NULL,NULL,NULL,NULL,NULL,NULL),(7089,'Sellador IPS fibrado plus 125cc','',100446,'unidad',42,'2015-06-15',1,123,'',0,'2015-12-30',0,35,5,NULL,NULL,NULL,NULL,NULL,NULL,NULL,NULL),(7090,'Espuma poliuretánica SILOC 250ml','',100447,'unidad',0,'2015-06-15',0.4,161,'',0,'2015-12-30',0,57,5,NULL,NULL,NULL,NULL,NULL,NULL,NULL,NULL),(7091,'Barra adhesiva p/pistola electrica fina','',100448,'unidad',16,'2015-06-15',0.6,38,'',0,'2015-12-30',84,14,5,NULL,NULL,NULL,NULL,NULL,NULL,NULL,NULL),(7092,'Barra adhesiva p/pistola electrica gruesa','',100449,'unidad',16,'2015-06-15',0.6,38,'',0,'2015-12-30',43,14,5,NULL,NULL,NULL,NULL,NULL,NULL,NULL,NULL),(7093,'Adhesivo Suprabond 25cc','',100450,'unidad',0,'2015-06-15',0.6,46,'',0,'2015-12-30',0,13,5,NULL,NULL,NULL,NULL,NULL,NULL,NULL,NULL),(7094,'Adhesivo Suprabond pomo cartucho 300ml','7793300419407',100451,'unidad',0,'2015-06-15',0.6,135,'',0,'2015-12-30',1,37,5,NULL,NULL,NULL,NULL,NULL,NULL,NULL,NULL),(7095,'Aplicador para pomo cartucho 300ml Amarilla Profesional','',100452,'unidad',0,'2015-06-15',0.7,316,'',0,'2015-12-30',1,89,5,NULL,NULL,NULL,NULL,NULL,NULL,NULL,NULL),(7096,'Piedra p/afilar doble faz 152x50.8x25.4','',100453,'unidad',71,'2015-06-15',0.7,203,'',0,'2015-12-30',0,60,5,NULL,NULL,NULL,NULL,NULL,NULL,NULL,NULL),(7097,'Chaira dentada de 10\" (rectificador/afilador cuchillos)','7798102251644',100454,'unidad',193,'2015-06-15',0.6,457,'',0,'2015-12-30',3,163,5,NULL,NULL,NULL,NULL,NULL,NULL,NULL,NULL),(7098,'Cuchillo para asado c/mango','',100455,'unidad',0,'2015-06-15',0.8,81,'',0,'2015-12-30',0,19,5,NULL,NULL,NULL,NULL,NULL,NULL,NULL,NULL),(7099,'Cuchillo Eskilstuna 364 p/cocina 5\" inox. Cabo madera','',100456,'unidad',155,'2015-06-15',0.8,415,'',0,'2015-12-30',0,131,5,NULL,NULL,NULL,NULL,NULL,NULL,NULL,NULL),(7100,'Cuchillo Eskilstuna 364 p/cocina 7\" inox. Cabo madera','',100457,'unidad',176,'2015-06-15',0.8,472,'',0,'2015-12-30',0,149,5,NULL,NULL,NULL,NULL,NULL,NULL,NULL,NULL),(7101,'Cuchillo Eskilstuna 364 p/cocina 9\" inox. Cabo madera','',100458,'unidad',201,'2015-06-15',0.8,540,'',0,'2015-12-30',0,171,5,NULL,NULL,NULL,NULL,NULL,NULL,NULL,NULL),(7102,'Cuchillo Eskilstuna 364 p/asado 5\" inox. Cabo madera','',100459,'unidad',0,'2015-06-15',0.8,351,'',0,'2015-12-30',0,95,5,NULL,NULL,NULL,NULL,NULL,NULL,NULL,NULL),(7103,'Cuchillo Eskilstuna 364 p/carnicero 7\" inox. Cabo madera','',100460,'unidad',0,'2015-06-15',0.8,478,'',0,'2015-12-30',0,129,5,NULL,NULL,NULL,NULL,NULL,NULL,NULL,NULL),(7104,'Nivel aluminio Petrus 500mm','',100461,'unidad',0,'2015-06-15',0.6,163,'',0,'2015-12-30',0,46,5,NULL,NULL,NULL,NULL,NULL,NULL,NULL,NULL),(7105,'Plomada punto bob 300gr','0',100462,'unidad',42.76,'2016-02-26',0.7,87.9573,'0',0,'2016-02-26',1,51.7396,5,'0',0,2,0,1.21,0,0,0),(7106,'Linterna metálica PRO1 6 LEDS IL-MIN16','7798011346165',100463,'unidad',29,'2015-06-15',0.75,94,'',0,'2015-12-30',9,35,5,NULL,NULL,NULL,NULL,NULL,NULL,NULL,NULL),(7107,'Linterna SPINIT Minero (cabeza) mega 7 LEDs','',100464,'unidad',79,'2015-06-15',0.6,271,'',0,'2015-12-30',-1,96,5,NULL,NULL,NULL,NULL,NULL,NULL,NULL,NULL),(7108,'Linterna Probattery Prolight Minero 2121-CPB c/pilas','7798011345250',100465,'unidad',127.27,'2016-02-20',0.7,261.794,'0',0,'2016-02-20',3,153.997,5,'4028',0,10,0,1.21,0,0,1),(7109,'Linterna Rayovac EVB2AA-BB (incl. Bat.)','',100466,'unidad',19,'2015-06-15',0.6,75,'',0,'2015-12-30',0,24,5,NULL,NULL,NULL,NULL,NULL,NULL,NULL,NULL),(7110,'Linterna Rayovac SJ-1006 2AA','',100467,'unidad',17,'2015-06-15',0.9,65,'',0,'2015-12-30',0,21,5,NULL,NULL,NULL,NULL,NULL,NULL,NULL,NULL),(7111,'Linterna Rayovac SJ-1005 2D','',100468,'unidad',20,'2015-06-15',1,80,'',0,'2015-12-30',0,24,5,NULL,NULL,NULL,NULL,NULL,NULL,NULL,NULL),(7112,'Linterna Rayovac VB1DLED-BA (incl. Bat.)','',100469,'unidad',35,'2015-06-15',0.6,125,'',0,'2015-12-30',0,42,5,NULL,NULL,NULL,NULL,NULL,NULL,NULL,NULL),(7113,'Linterna Rayovac industrial 2 pilas grandes','',100470,'unidad',0,'2015-06-15',0.5,161,'',0,'2015-12-30',0,47,5,NULL,NULL,NULL,NULL,NULL,NULL,NULL,NULL),(7114,'Linterna Rayovac LED  1 pila grande','',100471,'unidad',0,'2015-06-15',0.6,116,'',0,'2015-12-30',0,29,5,NULL,NULL,NULL,NULL,NULL,NULL,NULL,NULL),(7115,'Linterna Rayovac 11 LEDs recargable','',100472,'unidad',72,'2015-06-15',0.7,246,'',0,'2015-12-30',0,87,5,NULL,NULL,NULL,NULL,NULL,NULL,NULL,NULL),(7116,'Linterna Rayovac LEDs recargable mini','',100473,'unidad',54,'2015-06-15',0.7,185,'',0,'2015-12-30',0,65,5,NULL,NULL,NULL,NULL,NULL,NULL,NULL,NULL),(7117,'Estopa blanca de lustre El Cazador 300gr','7791756999696',100474,'unidad',0,'2015-06-15',0.6,76,'',0,'2015-12-30',2,22,5,NULL,NULL,NULL,NULL,NULL,NULL,NULL,NULL),(7118,'Cepillo Violin lavacoche','',100475,'unidad',0,'2015-06-15',0.5,113,'',0,'2015-12-30',0,35,5,NULL,NULL,NULL,NULL,NULL,NULL,NULL,NULL),(7119,'Kit lavacoche cepillo/rejilla/esponja/franela','',100476,'unidad',0,'2015-06-15',0.4,189,'',0,'2015-12-30',0,62,5,NULL,NULL,NULL,NULL,NULL,NULL,NULL,NULL),(7120,'Tope para puerta circular Blanco 6u Diler','7797622100470',100477,'unidad',0,'2015-06-15',0.5,73,'',0,'2015-12-30',2,21,5,NULL,NULL,NULL,NULL,NULL,NULL,NULL,NULL),(7121,'Tope para puerta rectangular Blanco 4u Diler','',100478,'unidad',0,'2015-06-15',0.5,55,'',0,'2015-12-30',0,16,5,NULL,NULL,NULL,NULL,NULL,NULL,NULL,NULL),(7122,'Caja de herramientas SAOPRO 12.5\" con divisor','',100479,'unidad',0,'2015-06-15',1,231,'',0,'2015-12-30',0,63,5,NULL,NULL,NULL,NULL,NULL,NULL,NULL,NULL),(7123,'Reja acero inox. Duratop 12x12cm','7791161005456',100480,'unidad',0,'2015-06-15',0.5,148,'',0,'2015-12-30',1,48,5,NULL,NULL,NULL,NULL,NULL,NULL,NULL,NULL),(7124,'Reja acero inox. Casal 15x15cm','7798078376167',100481,'unidad',0,'2015-06-15',0.5,191,'',0,'2015-12-30',2,58,5,NULL,NULL,NULL,NULL,NULL,NULL,NULL,NULL),(7125,'Reja ventilación 100cm2 15x15x2','7798078375313',100482,'unidad',0,'2015-06-15',0.5,198,'',0,'2015-12-30',2,63,5,NULL,NULL,NULL,NULL,NULL,NULL,NULL,NULL),(7126,'Reja acero fundido 20x20','7798078377201',100483,'unidad',0,'2015-06-15',0.5,271,'',0,'2015-12-30',1,91,5,NULL,NULL,NULL,NULL,NULL,NULL,NULL,NULL),(7127,'Flotante plástico 25cm 779812021374','',100484,'unidad',0,'2015-06-15',0.6,90,'',0,'2015-12-30',0,33,5,NULL,NULL,NULL,NULL,NULL,NULL,NULL,NULL),(7128,'Flotante M 1/2 silencioso','7798102316015',100485,'unidad',0,'2015-06-15',0.6,110,'',0,'2015-12-30',1,40,5,NULL,NULL,NULL,NULL,NULL,NULL,NULL,NULL),(7129,'Flotante H 1/2 silencioso','7798102316008',100486,'unidad',0,'2015-06-15',0.6,125,'',0,'2015-12-30',3,46,5,NULL,NULL,NULL,NULL,NULL,NULL,NULL,NULL),(7130,'Flotante para depósito de bado 1/2 H','',100487,'unidad',0,'2015-06-15',0.5,126,'',0,'2015-12-30',0,43,5,NULL,NULL,NULL,NULL,NULL,NULL,NULL,NULL),(7131,'Flotante Egeo VIN 1/2 3/4 IBH','',100488,'unidad',0,'2015-06-15',0.5,492,'',0,'2015-12-30',0,149,5,NULL,NULL,NULL,NULL,NULL,NULL,NULL,NULL),(7132,'Flotante plástico para tanque 3/4\"','',100489,'unidad',0,'2015-06-15',1,58,'',0,'2015-12-30',0,14,5,NULL,NULL,NULL,NULL,NULL,NULL,NULL,NULL),(7133,'Flotante plástico para tanque chico 3/4\"','',100490,'unidad',0,'2015-06-15',1,38,'',0,'2015-12-30',0,7,5,NULL,NULL,NULL,NULL,NULL,NULL,NULL,NULL),(7134,'Flotante mochila extra chato ITALIAN','7796860830453',100491,'unidad',0,'2015-06-15',1,38,'',0,'2015-12-30',2,10,5,NULL,NULL,NULL,NULL,NULL,NULL,NULL,NULL),(7135,'Flotante mochila ITALIAN','7796860830071',100492,'unidad',0,'2015-06-15',1,37,'',0,'2015-12-30',2,9,5,NULL,NULL,NULL,NULL,NULL,NULL,NULL,NULL),(7136,'Zócalo fijo 90cm aluminio/blanco','',100493,'unidad',0,'2015-06-15',0.8,150,'',0,'2015-12-30',1,38,5,NULL,NULL,NULL,NULL,NULL,NULL,NULL,NULL),(7137,'Burlete Vinilo 5mt gr Diler','7797622100159',100494,'unidad',0,'2015-06-15',0.8,110,'',0,'2015-12-30',1,27,5,NULL,NULL,NULL,NULL,NULL,NULL,NULL,NULL),(7138,'Burlete Espuma autoadhesivo 5mt gr Diler','7797622100012',100495,'unidad',0,'2015-06-15',0.8,55,'',0,'2015-12-30',1,12,5,NULL,NULL,NULL,NULL,NULL,NULL,NULL,NULL),(7139,'Burlete Espuma autoadhesivo 5mt mediano Diler','',100496,'unidad',0,'2015-06-15',0.8,93,'',0,'2015-12-30',0,29,5,NULL,NULL,NULL,NULL,NULL,NULL,NULL,NULL),(7140,'Burlete Espuma autoadhesivo 5mt mediano marron diler','',100497,'unidad',0,'2015-06-15',0.7,91,'',0,'2015-12-30',0,24,5,NULL,NULL,NULL,NULL,NULL,NULL,NULL,NULL),(7141,'Soporte ángulo esquinero cromatizado 50mm','',100498,'unidad',0,'2015-06-15',1,22,'',0,'2015-12-30',8,4,5,NULL,NULL,NULL,NULL,NULL,NULL,NULL,NULL),(7142,'Soporte ángulo esquinero cromatizado 64mm','',100499,'unidad',0,'2015-06-15',1,27,'',0,'2015-12-30',0,4,5,NULL,NULL,NULL,NULL,NULL,NULL,NULL,NULL),(7143,'Soporte ángulo 90 grados a 90 5 negros','7797679217053',100500,'unidad',0,'2015-06-15',0.6,81,'',0,'2015-12-30',1,25,5,NULL,NULL,NULL,NULL,NULL,NULL,NULL,NULL),(7144,'Soporte lateral 200mm negro/blanco','7797679401162',100501,'unidad',0,'2015-06-15',0.7,66,'',0,'2015-12-30',4,16,5,NULL,NULL,NULL,NULL,NULL,NULL,NULL,NULL),(7145,'Manguera caño cristal económico 6x9mm','',100502,'metro',0,'2015-06-15',1.4,14,'',0,'2015-12-30',0,2,5,NULL,NULL,NULL,NULL,NULL,NULL,NULL,NULL),(7146,'Tubo latex LTX 04x09mm','',100503,'metro',0,'2015-06-15',0.7,113,'',0,'2015-12-30',0,46,5,NULL,NULL,NULL,NULL,NULL,NULL,NULL,NULL),(7147,'Calentador p/gas envasado común 10kg enlozado quemador','',100504,'unidad',70,'2015-06-15',0.6,211,'',0,'2015-12-30',2,77,5,NULL,NULL,NULL,NULL,NULL,NULL,NULL,NULL),(7148,'Regulador p/garrafa con manguera x2m','',100505,'unidad',82,'2015-06-15',0.6,249,'',0,'2015-12-30',0,91,5,NULL,NULL,NULL,NULL,NULL,NULL,NULL,NULL),(7149,'Regulador p/garrafa sin manguera','',100506,'unidad',54,'2015-06-15',0.6,164,'',0,'2015-12-30',1,60,5,NULL,NULL,NULL,NULL,NULL,NULL,NULL,NULL),(7150,'Frasco PVC cristal 370 cc con tapa blanca/amarilla ','0',100507,'unidad',3.97,'2016-02-12',1,9.6074,'paquete completo',0,'2016-02-12',15,4.8037,5,'718',0,5,0,1.21,0,0,NULL),(7151,'Frasco 360cc Amanecer 63 (ancho y petiso) Sin Tapa','0',100508,'unidad',2.72,'2016-02-12',1,6.5824,'paquete completo s/tapa',0,'2016-02-12',864,3.2912,5,'302',0,5,0,1.21,0,0,NULL),(7152,'Frasco 330cc Alba 63 RTO (alargado) - Sin tapa','0',100509,'unidad',2.65,'2016-02-12',1,6.413,'paquete completo s/tapa',0,'2016-02-12',-30,3.2065,5,'311',0,5,0,1.21,0,0,NULL),(7153,'Frasco 800cc Alba 70 BCO Sin tapa','0',100510,'unidad',4.7,'2016-02-12',1,11.374,'paquete completo s/tapa',0,'2016-02-12',430,5.687,5,'204',0,5,0,1.21,0,0,NULL),(7154,'Botella Aceite cuadrado 5. 1/2 litro','',100511,'unidad',4,'2015-06-15',1,15,'paquete completo',0,'2015-12-30',35,5,5,NULL,NULL,NULL,NULL,NULL,NULL,NULL,NULL),(7155,'Botella Tomate triturado 1 litro','',100512,'unidad',4,'2015-06-15',1,14,'paquete completo',0,'2015-12-30',199,4,5,NULL,NULL,NULL,NULL,NULL,NULL,NULL,NULL),(7156,'Tapa LF 34-17 LIC (para botella aceite)','0',100513,'unidad',1,'2016-02-12',1,2,'paquete completo',0,'2016-02-12',62,1,5,'',0,5,0,1.21,0,0,NULL),(7157,'Inserto p/aceite','',100514,'unidad',1,'2015-06-15',1,2,'paquete completo',0,'2015-12-30',0,1,5,NULL,NULL,NULL,NULL,NULL,NULL,NULL,NULL),(7158,'Tapa Corona 40mm','0',100515,'unidad',1,'2016-02-12',1,2,'paquete completo',0,'2016-02-12',98,1,5,'0',0,5,0,1.21,0,0,NULL),(7159,'Tapa rosca Twes 63 (frasco chico)','0',100516,'unidad',1.62,'2016-02-12',1,4,'paquete completo',0,'2016-02-12',958,2,5,'913',0,5,0,1.21,0,0,NULL),(7160,'Tapa rosca Twes 70 grande','0',100517,'unidad',1.95,'2016-02-12',1,5,'paquete completo',0,'2016-02-12',-2,2,5,'914',0,5,0,1.21,0,0,NULL),(7161,'Sobretapa plástica Ideal Sanitarios','7798110950027',100518,'unidad',0,'2015-06-15',0.6,73,'',0,'2015-12-30',4,26,6,NULL,NULL,NULL,NULL,NULL,NULL,NULL,NULL),(7162,'Arandela para tapa PVC Ideal Sanitarios','7798110950058',100519,'unidad',0,'2015-06-15',1,22,'',0,'2015-12-30',6,5,6,NULL,NULL,NULL,NULL,NULL,NULL,NULL,NULL),(7163,'Escobilla plástica WC con depósito','',100520,'unidad',0,'2015-06-15',0.5,141,'',0,'2015-12-30',0,55,6,NULL,NULL,NULL,NULL,NULL,NULL,NULL,NULL),(7164,'Tapón para pileta universal Ideal Sanitarios x2','7798110950317',100521,'bolsa',0,'2015-06-15',1,46,'',0,'2015-12-30',2,11,6,NULL,NULL,NULL,NULL,NULL,NULL,NULL,NULL),(7165,'Tapón para desagüe c/cadena cr FV','7796908019901',100522,'unidad',0,'2015-06-15',0.6,94,'',0,'2015-12-30',1,30,6,NULL,NULL,NULL,NULL,NULL,NULL,NULL,NULL),(7166,'Sopapa desagüe armada completa','',100523,'unidad',0,'2015-06-15',0.5,85,'',0,'2015-12-30',0,28,6,NULL,NULL,NULL,NULL,NULL,NULL,NULL,NULL),(7167,'Desplazador inodoro 6cm plastitalia ','',100524,'unidad',0,'2015-06-15',0.55,187,'',0,'2015-12-30',0,65,6,NULL,NULL,NULL,NULL,NULL,NULL,NULL,NULL),(7168,'Desplazador inodoro 12cm plastitalia ','7796860204803',100525,'unidad',0,'2015-06-15',0.55,218,'',0,'2015-12-30',1,75,6,NULL,NULL,NULL,NULL,NULL,NULL,NULL,NULL),(7169,'Fuelle mochila std Ideal Sanitarios','',100526,'unidad',0,'2015-06-15',0.65,59,'',0,'2015-12-30',0,18,6,NULL,NULL,NULL,NULL,NULL,NULL,NULL,NULL),(7170,'Fuelle mochila largo Ideal Sanitarios','',100527,'unidad',0,'2015-06-15',0.7,70,'',0,'2015-12-30',0,18,6,NULL,NULL,NULL,NULL,NULL,NULL,NULL,NULL),(7171,'Conexión depósito articulada','7798110951051',100528,'unidad',0,'2015-06-15',0.7,144,'',0,'2015-12-30',1,51,6,NULL,NULL,NULL,NULL,NULL,NULL,NULL,NULL),(7172,'Pack válvulas c/cuerito 3/4 x6u','7791585009122',100529,'unidad',0,'2015-06-15',0.6,126,'',0,'2015-12-30',3,46,6,NULL,NULL,NULL,NULL,NULL,NULL,NULL,NULL),(7173,'Pack cueritos 1/2 x6u','',100530,'bolsa',0,'2015-06-15',1,50,'',0,'2015-12-30',0,15,6,NULL,NULL,NULL,NULL,NULL,NULL,NULL,NULL),(7174,'Pack cueritos 3/4 x6u','',100531,'bolsa',0,'2015-06-15',1,50,'',0,'2015-12-30',0,13,6,NULL,NULL,NULL,NULL,NULL,NULL,NULL,NULL),(7175,'Sifón doble chato plastitalia','7796860405545',100532,'unidad',0,'2015-06-15',0.5,282,'',0,'2015-12-30',1,101,6,NULL,NULL,NULL,NULL,NULL,NULL,NULL,NULL),(7176,'Ventosa con mango grande ','',100533,'unidad',0,'2015-06-15',0.7,59,'',0,'2015-12-30',0,17,6,NULL,NULL,NULL,NULL,NULL,NULL,NULL,NULL),(7177,'Válvula descarga depósito mochila americana con flotante','7796860307948',100534,'unidad',0,'2015-06-15',0.5,189,'',0,'2015-12-30',2,82,6,NULL,NULL,NULL,NULL,NULL,NULL,NULL,NULL),(7178,'Válvula admisión 1/2 779686030706','',100535,'unidad',0,'2015-06-15',0.5,132,'',0,'2015-12-30',0,57,6,NULL,NULL,NULL,NULL,NULL,NULL,NULL,NULL),(7179,'Válvula admisión con brazo plástico','7796860307061',100536,'unidad',0,'2015-06-15',0.5,218,'',0,'2015-12-30',2,95,6,NULL,NULL,NULL,NULL,NULL,NULL,NULL,NULL),(7180,'Palito portarrollo italian plastico','7796860601063',100537,'unidad',0,'2015-06-15',1,31,'',0,'2015-12-30',2,7,6,NULL,NULL,NULL,NULL,NULL,NULL,NULL,NULL),(7181,'Tapa de inspección c/pulsador plástico','7798110950041',100538,'unidad',0,'2015-06-15',0.55,107,'',0,'2015-12-30',2,40,6,NULL,NULL,NULL,NULL,NULL,NULL,NULL,NULL),(7182,'Boya universal reg ','7796860800081',100539,'unidad',0,'2015-06-15',0.8,71,'',0,'2015-12-30',2,26,6,NULL,NULL,NULL,NULL,NULL,NULL,NULL,NULL),(7183,'Boya franklin tab ','7796860802443',100540,'unidad',0,'2015-06-15',0.8,89,'',0,'2015-12-30',2,32,6,NULL,NULL,NULL,NULL,NULL,NULL,NULL,NULL),(7184,'Boya franklin com','7796860803051',100541,'unidad',0,'2015-06-15',0.8,89,'',0,'2015-12-30',4,32,6,NULL,NULL,NULL,NULL,NULL,NULL,NULL,NULL),(7185,'Boya mochila multimodelo italian','',100542,'unidad',0,'2015-06-15',0.8,85,'',0,'2015-12-30',0,25,6,NULL,NULL,NULL,NULL,NULL,NULL,NULL,NULL),(7186,'Boya depósito 779686080244','',100543,'unidad',0,'2015-06-15',0.6,64,'',0,'2015-12-30',0,26,6,NULL,NULL,NULL,NULL,NULL,NULL,NULL,NULL),(7187,'Boya pesada depósito pared a palanquita Plastitalia','7796860800913',100544,'unidad',0,'2015-06-15',0.6,168,'',0,'2015-12-30',2,69,6,NULL,NULL,NULL,NULL,NULL,NULL,NULL,NULL),(7188,'Boya obturador IBH Egeo','7798116801323',100545,'unidad',0,'2015-06-15',0.5,187,'',0,'2015-12-30',1,66,6,NULL,NULL,NULL,NULL,NULL,NULL,NULL,NULL),(7189,'Adhesivo PVC 100 INDA','',100546,'unidad',0,'2015-06-15',0.7,50,'',0,'2015-12-30',0,18,6,NULL,NULL,NULL,NULL,NULL,NULL,NULL,NULL),(7190,'Tubo PVC sanitario 63x1','',100547,'unidad',0,'2015-06-15',0.45,107,'',0,'2015-12-30',3,43,6,NULL,NULL,NULL,NULL,NULL,NULL,NULL,NULL),(7191,'Tubo PVC sanitario 50x1','',100548,'unidad',0,'2015-06-15',0.45,83,'',0,'2015-12-30',5,33,6,NULL,NULL,NULL,NULL,NULL,NULL,NULL,NULL),(7192,'Tubo PVC sanitario 40x1','',100549,'unidad',0,'2015-06-15',0.45,67,'',0,'2015-12-30',3,26,6,NULL,NULL,NULL,NULL,NULL,NULL,NULL,NULL),(7193,'Tubo PPL bicapa 1/2x4m','',100550,'unidad',0,'2015-06-15',0.4,77,'',0,'2015-12-30',15,32,6,NULL,NULL,NULL,NULL,NULL,NULL,NULL,NULL),(7194,'Tubo PPL bicapa 3/4x4m','',100551,'unidad',0,'2015-06-15',0.35,102,'',0,'2015-12-30',5,45,6,NULL,NULL,NULL,NULL,NULL,NULL,NULL,NULL),(7195,'Caño cloacal 110x4m kaliplas','',100552,'unidad',0,'2015-06-15',0.35,331,'',0,'2015-12-30',0,142,6,NULL,NULL,NULL,NULL,NULL,NULL,NULL,NULL),(7196,'Ramificación 90 PVC 110x63','',100553,'unidad',0,'2015-06-15',0.5,98,'',0,'2015-12-30',1,38,6,NULL,NULL,NULL,NULL,NULL,NULL,NULL,NULL),(7197,'Ramificación 45 PVC 110x63','7790312012664',100554,'unidad',0,'2015-06-15',0.5,123,'',0,'2015-12-30',1,47,6,NULL,NULL,NULL,NULL,NULL,NULL,NULL,NULL),(7198,'Ramificación 45 PVC 40','7790312012626',100555,'unidad',0,'2015-06-15',0.5,45,'',0,'2015-12-30',3,17,6,NULL,NULL,NULL,NULL,NULL,NULL,NULL,NULL),(7199,'Ramificación 90 PVC 63','',100556,'unidad',0,'2015-06-15',0.5,67,'',0,'2015-12-30',0,25,6,NULL,NULL,NULL,NULL,NULL,NULL,NULL,NULL),(7200,'Ramificación 90 PVC 50','7790312012602',100557,'unidad',0,'2015-06-15',0.5,56,'',0,'2015-12-30',2,21,6,NULL,NULL,NULL,NULL,NULL,NULL,NULL,NULL),(7201,'Ramificación 90 PVC 40','',100558,'unidad',0,'2015-06-15',0.5,37,'',0,'2015-12-30',0,14,6,NULL,NULL,NULL,NULL,NULL,NULL,NULL,NULL),(7202,'P Patio PVC 15x15','',100559,'unidad',0,'2015-06-15',0.5,236,'',0,'2015-12-30',0,89,6,NULL,NULL,NULL,NULL,NULL,NULL,NULL,NULL),(7203,'P Patio PVC 10x10','',100560,'unidad',0,'2015-06-15',0.5,220,'',0,'2015-12-30',0,84,6,NULL,NULL,NULL,NULL,NULL,NULL,NULL,NULL),(7204,'Rec ducha reja PVC','',100561,'unidad',0,'2015-06-15',0.5,73,'',0,'2015-12-30',0,28,6,NULL,NULL,NULL,NULL,NULL,NULL,NULL,NULL),(7205,'Codo 90 PVC 110 3A','7790312012411',100562,'unidad',0,'2015-06-15',0.5,140,'',0,'2015-12-30',2,54,6,NULL,NULL,NULL,NULL,NULL,NULL,NULL,NULL),(7206,'Codo 90 PVC 63','',100563,'unidad',0,'2015-06-15',0.5,37,'',0,'2015-12-30',0,14,6,NULL,NULL,NULL,NULL,NULL,NULL,NULL,NULL),(7207,'Codo 87 30 MH40MM','',100564,'unidad',0,'2015-06-15',0.5,19,'',0,'2015-12-30',0,7,6,NULL,NULL,NULL,NULL,NULL,NULL,NULL,NULL),(7208,'Cupla PVC 110','7790312012947',100565,'unidad',0,'2015-06-15',0.5,67,'',0,'2015-12-30',2,26,6,NULL,NULL,NULL,NULL,NULL,NULL,NULL,NULL),(7209,'Cupla PVC 63','7790312012930',100566,'unidad',0,'2015-06-15',0.5,31,'',0,'2015-12-30',4,10,6,NULL,NULL,NULL,NULL,NULL,NULL,NULL,NULL),(7210,'Cupla PVC 50x40 reducción','7790312012848',100567,'unidad',0,'2015-06-15',0.5,28,'',0,'2015-12-30',1,6,6,NULL,NULL,NULL,NULL,NULL,NULL,NULL,NULL),(7211,'Cupla PVC 63x50','',100568,'unidad',0,'2015-06-15',0.5,28,'',0,'2015-12-30',0,10,6,NULL,NULL,NULL,NULL,NULL,NULL,NULL,NULL),(7212,'Codo 87 PVC 110','',100569,'unidad',0,'2015-06-15',0.5,129,'',0,'2015-12-30',0,45,6,NULL,NULL,NULL,NULL,NULL,NULL,NULL,NULL),(7213,'Codo 87 PVC 110','',100570,'unidad',0,'2015-06-15',0.5,119,'',0,'2015-12-30',0,45,6,NULL,NULL,NULL,NULL,NULL,NULL,NULL,NULL),(7214,'Caño cámara 110 TI','7790312012435',100571,'unidad',0,'2015-06-15',0.5,181,'',0,'2015-12-30',2,71,6,NULL,NULL,NULL,NULL,NULL,NULL,NULL,NULL),(7215,'Tapa PVC 110','7790312012909',100572,'unidad',0,'2015-06-15',0.5,24,'',0,'2015-12-30',5,9,6,NULL,NULL,NULL,NULL,NULL,NULL,NULL,NULL),(7216,'Curva 90 PVC 63','',100573,'unidad',0,'2015-06-15',0.5,36,'',0,'2015-12-30',0,14,6,NULL,NULL,NULL,NULL,NULL,NULL,NULL,NULL),(7217,'Curva 90 PVC 50L','',100574,'unidad',0,'2015-06-15',0.5,45,'',0,'2015-12-30',1,17,6,NULL,NULL,NULL,NULL,NULL,NULL,NULL,NULL),(7218,'Curva 90 PVC 40L','',100575,'unidad',0,'2015-06-15',0.5,28,'',0,'2015-12-30',1,11,6,NULL,NULL,NULL,NULL,NULL,NULL,NULL,NULL),(7219,'Curva 45 PVC 40','',100576,'unidad',0,'2015-06-15',0.5,24,'',0,'2015-12-30',0,9,6,NULL,NULL,NULL,NULL,NULL,NULL,NULL,NULL),(7220,'Espiga codo R/H3/4','',100577,'unidad',0,'2015-06-15',1,9,'',0,'2015-12-30',0,3,6,NULL,NULL,NULL,NULL,NULL,NULL,NULL,NULL),(7221,'Espiga doble codo 3/4','',100578,'unidad',0,'2015-06-15',1,10,'',0,'2015-12-30',4,3,6,NULL,NULL,NULL,NULL,NULL,NULL,NULL,NULL),(7222,'Espiga doble codo 1/2','',100579,'unidad',0,'2015-06-15',1,9,'',0,'2015-12-30',0,3,6,NULL,NULL,NULL,NULL,NULL,NULL,NULL,NULL),(7223,'Espiga PPL 1/2\" rosca H 3/4\" ','',100580,'unidad',0,'2015-06-15',1,8,'',0,'2015-12-30',2,2,6,NULL,NULL,NULL,NULL,NULL,NULL,NULL,NULL),(7224,'Espiga PPL rosca H 1/2\"','',100581,'unidad',0,'2015-06-15',1,8,'',0,'2015-12-30',3,2,6,NULL,NULL,NULL,NULL,NULL,NULL,NULL,NULL),(7225,'Espiga PPL rosca M 1/2\"','7798079336214',100582,'unidad',1.78,'2016-02-26',1.3,4.95374,'0',0,'2016-02-26',20,2.1538,6,'1242305',0,2,0,1.21,0,0,1),(7226,'Espiga PPL rosca M 3/4\"','1198079336221',100583,'unidad',2.09,'2016-02-26',1.3,5.81647,'0',0,'2016-02-26',10,2.5289,6,'1242309',0,2,0,1.21,0,0,1),(7227,'Espiga PPL rosca H 3/4\"','7798079336320',100584,'unidad',2.25,'2016-02-26',1.3,6.26175,'0',0,'2016-02-26',10,2.7225,6,'1241363',0,2,0,1.21,0,0,1),(7228,'Espiga PPL doble 3/4\"','7798079336122',100585,'unidad',1.45,'2016-02-26',1.3,4.04869,'0',0,'2016-02-26',30,1.7603,6,'1242297',0,2,0,1.214,0,0,1),(7229,'Espiga PPL triple TE 3/4\"','7798079336627',100586,'unidad',2.86,'2016-02-26',1.3,7.95938,'0',0,'2016-02-26',12,3.4606,6,'1242291',0,2,0,1.21,0,0,1),(7230,'Espiga PPL triple TE 1/2\"','7798079336610',100587,'unidad',2.39,'2016-02-26',1.3,6.65137,'0',0,'2016-02-26',20,2.8919,6,'1242290',0,2,0,1.21,0,0,1),(7231,'Espiga PPL red R/M 1/2x3/4','7798079336283',100588,'unidad',1.93,'2016-02-26',1.3,5.37119,'0',0,'2016-02-26',20,2.3353,6,'1241390',0,2,0,1.21,0,0,1),(7232,'Espiga PPL red R/H 1/2x3/4','7798079336399',100589,'unidad',2.92,'2016-02-26',1.3,8.12636,'0',0,'2016-02-26',20,3.5332,6,'1241393',0,2,0,1.21,0,0,1),(7233,'Curva 90 PPL 1/2\" MH','7798079335712',100590,'unidad',6.62,'2016-02-26',1.3,18.4235,'0',0,'2016-02-26',11,8.0102,6,'1241330',0,2,0,1.21,0,0,1),(7234,'Curva 90 PPL 3/4\" MH','7798079335729',100591,'unidad',8.09,'2016-02-26',1.3,22.5145,'0',0,'2016-02-26',6,9.7889,6,'1241331',0,2,0,1.21,0,0,1),(7235,'Curva 90 PPL 1/2\" HH','7798079335811',100592,'unidad',5.55,'2016-02-26',1.3,15.4457,'0',0,'2016-02-26',20,6.7155,6,'1241324',0,2,0,1.21,0,0,1),(7236,'Curva 90 PPL 3/4\" HH','7798079335828',100593,'unidad',6.91,'2016-02-26',1.3,19.2305,'0',0,'2016-02-26',10,8.3611,6,'1241325',0,2,0,1.21,0,0,1),(7237,'Tapa PPL Hembra 1/2\"','7798079335118',100594,'unidad',1.51,'2016-02-26',1.3,4.20233,'0',0,'2016-02-26',20,1.8271,6,'1241946',0,2,0,1.21,0,0,1),(7238,'Tapa PPL 3/4\" rosca hembra','7798079335125',100595,'unidad',2.25,'2016-02-26',1.3,6.26175,'0',0,'2016-02-26',17,2.7225,6,'1241947',0,2,0,1.21,0,0,1),(7239,'Tapón PPL 1/2\"','',100596,'unidad',2,'2015-06-15',2,6,'',0,'2015-12-30',11,1,6,NULL,NULL,NULL,NULL,NULL,NULL,NULL,NULL),(7240,'Tapón PPL 3/4\" rosca macho','',100597,'unidad',0,'2015-06-15',0.78,6,'',0,'2015-12-30',7,2,6,NULL,NULL,NULL,NULL,NULL,NULL,NULL,NULL),(7241,'RC Red PPL 3/4x1/2','',100598,'unidad',1,'2015-06-15',2.5,6,'',0,'2015-12-30',1,1,6,NULL,NULL,NULL,NULL,NULL,NULL,NULL,NULL),(7242,'Rosca con tuerca (RCT) MM PPL 1/2','7798079334111',100599,'unidad',2.27,'2016-02-26',1.3,6.31741,'0',0,'2016-02-26',30,2.7467,6,'1241344',0,2,0,1.21,0,0,1),(7243,'Rosca con tuerca (RCT) MM PPL 3/4','7798079334128',100600,'unidad',2.25,'2016-02-26',1.3,6.26175,'0',0,'2016-02-26',20,2.7225,6,'1241348',0,2,0,1.21,0,0,1),(7244,'Rosca con tuerca (RCT) MM PPL 3/4x1/2','7798079334180',100601,'unidad',3.18,'2016-02-26',1.3,8.84994,'0',0,'2016-02-26',30,3.8478,6,'1242277',0,2,0,1.21,0,0,1),(7245,'TEE PPL HHH 1/2','',100602,'unidad',2,'2015-06-15',1,10,'',0,'2015-12-30',8,5,6,NULL,NULL,NULL,NULL,NULL,NULL,NULL,NULL),(7246,'TEE PPL HHH 3/4','',100603,'unidad',2,'2015-06-15',1.5,16,'',0,'2015-12-30',13,1,6,NULL,NULL,NULL,NULL,NULL,NULL,NULL,NULL),(7247,'Niple PPL 1/2\" 5cm','',100604,'unidad',2,'2015-06-15',1.5,6,'',0,'2015-12-30',1,2,6,NULL,NULL,NULL,NULL,NULL,NULL,NULL,NULL),(7248,'Niple PPL 1/2\" 10cm','',100605,'unidad',2,'2015-06-15',1.5,8,'',0,'2015-12-30',8,2,6,NULL,NULL,NULL,NULL,NULL,NULL,NULL,NULL),(7249,'Niple PPL 3/4\" 5cm','',100606,'unidad',3,'2015-06-15',1.5,8,'',0,'2015-12-30',5,3,6,NULL,NULL,NULL,NULL,NULL,NULL,NULL,NULL),(7250,'Niple PPL 3/4\" 10cm','',100607,'unidad',1,'2015-06-15',2,12,'',0,'2015-12-30',4,1,6,NULL,NULL,NULL,NULL,NULL,NULL,NULL,NULL),(7251,'Buje reducción PPL 3/4x1/2','',100608,'unidad',0,'2015-06-15',1,4,'',0,'2015-12-30',2,1,6,NULL,NULL,NULL,NULL,NULL,NULL,NULL,NULL),(7252,'Buje PPL 1/2x3/8','',100609,'unidad',0,'2015-06-15',1,4,'',0,'2015-12-30',0,2,6,NULL,NULL,NULL,NULL,NULL,NULL,NULL,NULL),(7253,'CO 90PPMH 1/2 T','',100610,'unidad',2,'2015-06-15',1.8,8,'',0,'2015-12-30',0,2,6,NULL,NULL,NULL,NULL,NULL,NULL,NULL,NULL),(7254,'Codo 90 PPL 1/2 HH','',100611,'unidad',2,'2015-06-15',1.8,8,'',0,'2015-12-30',12,2,6,NULL,NULL,NULL,NULL,NULL,NULL,NULL,NULL),(7255,'Codo 90 PPL 1/2 MH','7798079333213',100612,'unidad',2.69,'2016-02-26',1.3,7.48627,'0',0,'2016-02-26',10,3.2549,6,'1241301',0,2,0,1.21,0,0,1),(7256,'Codo 90 PPL 3/4 HH','',100613,'unidad',4,'2015-06-15',1.2,10,'',0,'2015-12-30',0,3,6,NULL,NULL,NULL,NULL,NULL,NULL,NULL,NULL),(7257,'Codo 90 PPL 3/4 MH','7798079333220',100614,'unidad',3.8,'2016-02-26',1.3,10.5754,'0',0,'2016-02-26',12,4.598,6,'1241302',0,2,0,1.21,0,0,1),(7258,'Cupla PPL HH 1/2','',100615,'unidad',2,'2015-06-15',1.8,6,'',0,'2015-12-30',2,2,6,NULL,NULL,NULL,NULL,NULL,NULL,NULL,NULL),(7259,'Cupla PPL HH 3/4','',100616,'unidad',5,'2015-06-15',1,9,'',0,'2015-12-30',7,4,6,NULL,NULL,NULL,NULL,NULL,NULL,NULL,NULL),(7260,'Codo 45 HH PPL 1/2','',100617,'unidad',6,'2015-06-15',1,13,'',0,'2015-12-30',3,5,6,NULL,NULL,NULL,NULL,NULL,NULL,NULL,NULL),(7261,'Codo 45 HH PPL 3/4','',100618,'unidad',7,'2015-06-15',1.6,16,'',0,'2015-12-30',6,6,6,NULL,NULL,NULL,NULL,NULL,NULL,NULL,NULL),(7262,'Unión doble PPL 1/2 HH','7798079333411',100619,'unidad',7.93,'2016-02-26',1.3,22.0692,'0',0,'2016-02-26',6,9.5953,6,'1241898',0,2,0,1.21,0,0,1),(7263,'Unión doble PPL 3/4 HH','7798079333428',100620,'unidad',9.99,'2016-02-26',1.3,27.8022,'0',0,'2016-02-26',4,12.0879,6,'1241902',0,2,0,1.21,0,0,1),(7264,'Union doble PPL 1\" HH','7798079333435',100621,'unidad',16.25,'2016-02-26',1,39.325,'0',0,'2016-02-26',3,19.6625,6,'1241897',0,2,0,1.21,0,0,1),(7265,'Adaptador tanque PPL 1/2','7798079333817',100622,'unidad',22.57,'2016-02-26',1,54.6194,'0',0,'2016-02-26',8,27.3097,6,'1241308',0,2,0,1.21,0,0,1),(7266,'Adaptador tanque PPL 3/4','7798079333824',100623,'unidad',25.02,'2016-02-26',1,60.5484,'0',0,'2016-02-26',6,30.2742,6,'1241309',0,2,0,1.21,0,0,1),(7267,'Flexible corrugado 42cm','',100624,'unidad',19,'2015-06-15',1.5,50,'',0,'2015-12-30',1,16,6,NULL,NULL,NULL,NULL,NULL,NULL,NULL,NULL),(7268,'Flexible Mallado 1/2\"x30','',100625,'unidad',0,'2015-06-15',0.36,147,'',0,'2015-12-30',-1,55,6,NULL,NULL,NULL,NULL,NULL,NULL,NULL,NULL),(7269,'Flexible Mallado 1/2\"x40','',100626,'unidad',19,'2015-06-15',1.5,170,'',0,'2015-12-30',0,16,6,NULL,NULL,NULL,NULL,NULL,NULL,NULL,NULL),(7270,'Flexible plástico p/agua 1/2\"x30cm DUKE mallado','',100627,'unidad',27,'2015-06-15',0.9,68,'',0,'2015-12-30',2,23,6,NULL,NULL,NULL,NULL,NULL,NULL,NULL,NULL),(7271,'Flexible plástico p/agua 1/2\"x40cm DUKE','',100628,'unidad',15,'2015-06-15',0.9,39,'',0,'2015-12-30',0,13,6,NULL,NULL,NULL,NULL,NULL,NULL,NULL,NULL),(7272,'Flexible plástico p/agua 1/2\"x40cm liso gris','',100629,'unidad',6,'2015-06-15',3,34,'',0,'2015-12-30',0,5,6,NULL,NULL,NULL,NULL,NULL,NULL,NULL,NULL),(7273,'Destapacañería Plus x1L Cauchet','',100630,'unidad',19,'2015-06-15',1,52,'',0,'2015-12-30',0,15,6,NULL,NULL,NULL,NULL,NULL,NULL,NULL,NULL),(7274,'Descarga corrugada multimedida IT','',100631,'unidad',0,'2015-06-15',0.7,45,'',0,'2015-12-30',0,15,6,NULL,NULL,NULL,NULL,NULL,NULL,NULL,NULL),(7275,'Chupete para canilla 1/2 x2 unidades','7796860604023',100632,'unidad',0,'2015-06-15',0.8,45,'',0,'2015-12-30',2,14,6,NULL,NULL,NULL,NULL,NULL,NULL,NULL,NULL),(7276,'Tornillo universal para fijación inodoro/bidet','',100633,'metro',0,'2015-06-15',0.5,67,'',0,'2015-12-30',0,26,6,NULL,NULL,NULL,NULL,NULL,NULL,NULL,NULL),(7277,'Lámpara colgante PVC 1Luz E27 15W Cristal/Naranja/Azul','9911222313216',100634,'unidad',0,'2015-06-15',0.4,243,'',0,'2015-12-30',2,75,7,NULL,NULL,NULL,NULL,NULL,NULL,NULL,NULL),(7278,'Lámpara colgante chapa 31cm blanca LucesArgentinas','',100635,'unidad',0,'2015-06-15',0.5,291,'',0,'2015-12-30',0,89,7,NULL,NULL,NULL,NULL,NULL,NULL,NULL,NULL),(7279,'Lámpara tortuga PVC','7798098681036',100636,'unidad',0,'2015-06-15',0.45,191,'',0,'2015-12-30',1,58,7,NULL,NULL,NULL,NULL,NULL,NULL,NULL,NULL),(7280,'Maceta plástica clásica 15cm','7796120014036',100637,'unidad',0,'2015-06-15',0.7,42,'',0,'2015-12-30',7,14,7,NULL,NULL,NULL,NULL,NULL,NULL,NULL,NULL),(7281,'Maceta plástica clásica 17cm','7796120014135',100638,'unidad',0,'2015-06-15',0.7,47,'',0,'2015-12-30',6,16,7,NULL,NULL,NULL,NULL,NULL,NULL,NULL,NULL),(7282,'Maceta plástica clásica 19cm','',100639,'unidad',0,'2015-06-15',0.7,61,'',0,'2015-12-30',0,21,7,NULL,NULL,NULL,NULL,NULL,NULL,NULL,NULL),(7283,'Maceta plástica clásica 24cm','',100640,'unidad',0,'2015-06-15',0.7,101,'',0,'2015-12-30',0,35,7,NULL,NULL,NULL,NULL,NULL,NULL,NULL,NULL),(7284,'Plato maceta plástico clásico n14','7796120201436',100641,'unidad',0,'2015-06-15',0.7,27,'',0,'2015-12-30',10,9,7,NULL,NULL,NULL,NULL,NULL,NULL,NULL,NULL),(7285,'Plato maceta plástico clásico n16','7796120201634',100642,'unidad',0,'2015-06-15',0.7,32,'',0,'2015-12-30',15,11,7,NULL,NULL,NULL,NULL,NULL,NULL,NULL,NULL),(7286,'Plato maceta plástico clásico n18','7796120201832',100643,'unidad',0,'2015-06-15',0.7,42,'',0,'2015-12-30',8,14,7,NULL,NULL,NULL,NULL,NULL,NULL,NULL,NULL),(7287,'Plato maceta plástico clásico n20','7796120202037',100644,'unidad',0,'2015-06-15',0.7,50,'',0,'2015-12-30',3,17,7,NULL,NULL,NULL,NULL,NULL,NULL,NULL,NULL),(7288,'Plato maceta plástico clásico n24','7796120202457',100645,'unidad',0,'2015-06-15',0.7,61,'',0,'2015-12-30',2,17,7,NULL,NULL,NULL,NULL,NULL,NULL,NULL,NULL),(7289,'Organizador ducha d\'accord','',100646,'unidad',0,'2015-06-15',0.4,176,'',0,'2015-12-30',-1,53,7,NULL,NULL,NULL,NULL,NULL,NULL,NULL,NULL),(7290,'Auriculares Sony MDR-ZX110','27242868823',100647,'unidad',233,'2015-06-15',0.7,647,'',0,'2015-12-30',4,282,7,NULL,NULL,NULL,NULL,NULL,NULL,NULL,NULL),(7291,'Auriculares Sony MDR-ZX100/WCU B','27242801585',100648,'unidad',233,'2015-06-15',0.7,647,'',0,'2015-12-30',1,282,7,NULL,NULL,NULL,NULL,NULL,NULL,NULL,NULL),(7292,'Auriculares Sony MDR-E9A sin vincha','27242813984',100649,'unidad',178.69,'2016-02-20',0.7,367.565,'0',0,'2016-02-20',4,216.215,7,'7160',0,10,0,1.21,0,0,1),(7293,'Auriculares Maxell vincha hp-200','25215190315',100650,'unidad',62,'2015-06-15',0.75,178,'',0,'2015-12-30',1,74,7,NULL,NULL,NULL,NULL,NULL,NULL,NULL,NULL),(7294,'Auriculares Maxell vincha ut-t ultrathins','',100651,'unidad',78,'2015-06-15',0.5,271,'',0,'2015-12-30',0,94,7,NULL,NULL,NULL,NULL,NULL,NULL,NULL,NULL),(7295,'Auriculares Maxell in-225 plugs blancos ','',100652,'unidad',47,'2015-06-15',0.7,155,'',0,'2015-12-30',0,57,7,NULL,NULL,NULL,NULL,NULL,NULL,NULL,NULL),(7296,'Auriculares Panasonic/Maxell negros sin vincha','',100653,'unidad',37,'2015-06-15',0.7,105,'',0,'2015-12-30',0,45,7,NULL,NULL,NULL,NULL,NULL,NULL,NULL,NULL),(7297,'Auriculares Acson AS-063M.V.','',100654,'unidad',49,'2015-06-15',0.6,189,'',0,'2015-12-30',0,59,7,NULL,NULL,NULL,NULL,NULL,NULL,NULL,NULL),(7298,'Auriculares Acson AS-986','6932448289867',100655,'unidad',89,'2015-06-15',1,378,'',0,'2015-12-30',1,107,7,NULL,NULL,NULL,NULL,NULL,NULL,NULL,NULL),(7299,'Pilas Panasonic AAA x4','7896067203033',100656,'unidad',11,'2015-06-15',1.3,45,'',0,'2015-12-30',37,13,7,NULL,NULL,NULL,NULL,NULL,NULL,NULL,NULL),(7300,'Pilas Panasonic AA x4','7896067203170',100657,'unidad',7,'2015-06-15',1.3,27,'',0,'2015-12-30',20,8,7,NULL,NULL,NULL,NULL,NULL,NULL,NULL,NULL),(7301,'Pilas Panasonic tipo-D x2','',100658,'unidad',9,'2015-06-15',1.3,45,'',0,'2015-12-30',-1,11,7,NULL,NULL,NULL,NULL,NULL,NULL,NULL,NULL),(7302,'Pilas Panasonic tipo-C x2','7896067200025',100659,'unidad',8,'2015-06-15',1.3,41,'',0,'2015-12-30',2,10,7,NULL,NULL,NULL,NULL,NULL,NULL,NULL,NULL),(7303,'Pilas Duracell AAA x1','7506309816999',100660,'unidad',0,'2015-06-15',0,15,'',0,'2015-12-30',94,0,7,NULL,NULL,NULL,NULL,NULL,NULL,NULL,NULL),(7304,'Pilas Duracell AAA x2','7506309875347',100661,'par',14,'2015-06-15',0.7,39,'',0,'2015-12-30',48,17,7,NULL,NULL,NULL,NULL,NULL,NULL,NULL,NULL),(7305,'Pilas Duracell AA x1','7506309816937',100662,'unidad',0,'2015-06-15',0,13,'',0,'2015-12-30',68,0,7,NULL,NULL,NULL,NULL,NULL,NULL,NULL,NULL),(7306,'Pilas Duracell AA x2','7506309875330',100663,'par',12,'2015-06-15',0.7,34,'',0,'2015-12-30',9,15,7,NULL,NULL,NULL,NULL,NULL,NULL,NULL,NULL),(7307,'Pilas Duracell mediana tipo-C x2','41333000992',100664,'unidad',23,'2015-06-15',0.7,65,'',0,'2015-12-30',4,28,7,NULL,NULL,NULL,NULL,NULL,NULL,NULL,NULL),(7308,'Pilas Duracell Duralock tipo-D x2','41333000985',100665,'pack',34.74,'2016-02-20',0.7,71.4602,'0',0,'2016-02-20',4,42.0354,7,'0350',0,10,0,1.21,0,0,1),(7309,'Pilas Batería Duracell 9V MN-1604 B1','41333001043',100666,'unidad',19,'2015-06-15',0.7,53,'',0,'2015-12-30',6,23,7,NULL,NULL,NULL,NULL,NULL,NULL,NULL,NULL),(7310,'Pilas Sony 364','8562012493',100667,'unidad',5,'2015-06-15',2.5,26,'',0,'2015-12-30',3,5,7,NULL,NULL,NULL,NULL,NULL,NULL,NULL,NULL),(7311,'Pilas Renata 364','785618308839',100668,'unidad',0,'2015-06-15',0,26,'',0,'2015-12-30',9,0,7,NULL,NULL,NULL,NULL,NULL,NULL,NULL,NULL),(7312,'Pilas Sony 377','',100669,'unidad',4,'2015-06-15',2.5,25,'',0,'2015-12-30',0,5,7,NULL,NULL,NULL,NULL,NULL,NULL,NULL,NULL),(7313,'Pilas Renata 377','785618325836',100670,'unidad',0,'2015-06-15',0,25,'',0,'2015-12-30',47,0,7,NULL,NULL,NULL,NULL,NULL,NULL,NULL,NULL),(7314,'Pilas Sony 371','8562012578',100671,'unidad',6,'2015-06-15',2,45,'',0,'2015-12-30',5,7,7,NULL,NULL,NULL,NULL,NULL,NULL,NULL,NULL),(7315,'Pilas Sony 395','8562012639',100672,'unidad',8,'2015-06-15',2,53,'',0,'2015-12-30',5,10,7,NULL,NULL,NULL,NULL,NULL,NULL,NULL,NULL),(7316,'Pilas Sony 394','8562012691',100673,'unidad',13,'2015-06-15',2,61,'',0,'2015-12-30',5,15,7,NULL,NULL,NULL,NULL,NULL,NULL,NULL,NULL),(7317,'Pilas Renata 394','785618355833',100674,'unidad',0,'2015-06-15',0,55,'',0,'2015-12-30',10,0,7,NULL,NULL,NULL,NULL,NULL,NULL,NULL,NULL),(7318,'Pilas Renata 392','785618353822',100675,'unidad',0,'2015-06-15',0,69,'',0,'2015-12-30',10,0,7,NULL,NULL,NULL,NULL,NULL,NULL,NULL,NULL),(7319,'Pilas Sony 392-384','8562012479',100676,'unidad',11,'2015-06-15',2,65,'',0,'2015-12-30',4,13,7,NULL,NULL,NULL,NULL,NULL,NULL,NULL,NULL),(7320,'Pilas Sony 389','',100677,'unidad',19,'2015-06-15',1.5,97,'',0,'2015-12-30',0,23,7,NULL,NULL,NULL,NULL,NULL,NULL,NULL,NULL),(7321,'Pilas Renata 389','',100678,'unidad',0,'2015-06-15',0,97,'',0,'2015-12-30',4,0,7,NULL,NULL,NULL,NULL,NULL,NULL,NULL,NULL),(7322,'Pilas Maxell CR-2032','4902580131258',100679,'unidad',0,'2015-06-15',0,25,'',0,'2015-12-30',157,0,7,NULL,NULL,NULL,NULL,NULL,NULL,NULL,NULL),(7323,'Pilas Sony CR-2025','4902580131265',100680,'unidad',4,'2015-06-15',2.5,25,'',0,'2015-12-30',10,5,7,NULL,NULL,NULL,NULL,NULL,NULL,NULL,NULL),(7324,'Pilas Sony CR-2016','8562007628',100681,'unidad',4,'2015-06-15',2.5,25,'',0,'2015-12-30',0,5,7,NULL,NULL,NULL,NULL,NULL,NULL,NULL,NULL),(7325,'Pilas Maxell CR-2016','4902580131272',100682,'unidad',0,'2015-06-15',0,25,'',0,'2015-12-30',10,0,7,NULL,NULL,NULL,NULL,NULL,NULL,NULL,NULL),(7326,'Pilas Maxell LR-44','4902580131401',100683,'unidad',2,'2015-06-15',1.8,20,'',0,'2015-12-30',8,2,7,NULL,NULL,NULL,NULL,NULL,NULL,NULL,NULL),(7327,'Pilas Camelion para calculadora AG10','',100684,'unidad',0,'2015-06-15',2.5,20,'',0,'2015-12-30',0,1,7,NULL,NULL,NULL,NULL,NULL,NULL,NULL,NULL),(7328,'Pilas Camelion para control alarma A23 c/u','',100685,'unidad',7,'2015-06-15',2.5,66,'',0,'2015-12-30',4,8,7,NULL,NULL,NULL,NULL,NULL,NULL,NULL,NULL),(7329,'Pila Energizer 6V A544','9312931540243',100686,'unidad',23,'2015-06-15',1,107,'',0,'2015-12-30',2,27,7,NULL,NULL,NULL,NULL,NULL,NULL,NULL,NULL),(7330,'Calculadora DAHIATSU D-E805 8 dig','7798019950333',100687,'unidad',70,'2015-06-15',0.8,205,'',0,'2015-12-30',6,85,7,NULL,NULL,NULL,NULL,NULL,NULL,NULL,NULL),(7331,'Calculadora DAHIATSU D-E1215 12Dig','7798019950302',100688,'unidad',72,'2015-06-15',0.7,261,'',0,'2015-12-30',2,87,7,NULL,NULL,NULL,NULL,NULL,NULL,NULL,NULL),(7332,'Calculadora DAHIATSU D-E1200T 12Dig','7798019950326',100689,'unidad',64,'2015-06-15',0.7,233,'',0,'2015-12-30',2,78,7,NULL,NULL,NULL,NULL,NULL,NULL,NULL,NULL),(7333,'Calculadora SUMAC científica fs-82F','7798129532092',100690,'unidad',54,'2015-06-15',0.7,209,'',0,'2015-12-30',2,65,7,NULL,NULL,NULL,NULL,NULL,NULL,NULL,NULL),(7334,'Calculadora CASIO MW-5V','',100691,'unidad',77,'2015-06-15',0.6,282,'',0,'2015-12-30',0,93,7,NULL,NULL,NULL,NULL,NULL,NULL,NULL,NULL),(7335,'Calculadora CASIO MW-8V','4971850169338',100692,'unidad',105,'2015-06-15',0.6,277,'',0,'2015-12-30',3,127,7,NULL,NULL,NULL,NULL,NULL,NULL,NULL,NULL),(7336,'Calculadora Casio con celda solar mx-8s','',100693,'unidad',0,'2015-06-15',0.55,228,'',0,'2015-12-30',0,64,7,NULL,NULL,NULL,NULL,NULL,NULL,NULL,NULL),(7337,'Percha madera clara Cotidiana x8 unidades','2080001173673',100694,'pack',91,'2016-02-06',0.5,165,'0',0,'2016-02-06',3,110,7,'0',0,2,0,1.21,0,0,NULL),(7338,'Percha plástica Practi-Hogar línea plata ','7790204005910',100695,'unidad',0,'2015-06-15',0.9,17,'',0,'2015-12-30',12,4,7,NULL,NULL,NULL,NULL,NULL,NULL,NULL,NULL),(7339,'Ganchos cortina baño amalfi x12 plásticos','7797553110227',100696,'unidad',0,'2015-06-15',0.55,115,'',0,'2015-12-30',1,32,7,NULL,NULL,NULL,NULL,NULL,NULL,NULL,NULL),(7340,'Protector polietileno cortina baño 1.8mx1.8m','',100697,'unidad',0,'2015-06-15',0.5,186,'',0,'2015-12-30',0,60,7,NULL,NULL,NULL,NULL,NULL,NULL,NULL,NULL),(7341,'Cortina para baño','',100698,'unidad',0,'2015-06-15',0.4,282,'',0,'2015-12-30',0,100,7,NULL,NULL,NULL,NULL,NULL,NULL,NULL,NULL),(7342,'Banqueta plástico Eco blanca Gardenlife','7896620471008',100699,'unidad',56.35,'2016-02-06',0.45,99,'0',0,'2016-02-06',24,68,7,'0',0,2,0,1.21,0,0,NULL),(7343,'Banqueta plástico negro Mascardi','0',100700,'unidad',0,'2016-02-13',0.3,0,'0',0,'2016-02-13',0,0,7,'0',1,0,0,0,0,0,NULL),(7344,'Sillón plástico corona blanco Gardenlife','7798033418703',100701,'unidad',164.53,'2016-02-06',0.4,279,'0',0,'2016-02-06',12,199,17,'0',0,2,0,1.21,0,0,NULL),(7345,'Silla plástica Nápoli negra Mascardi','0',100702,'unidad',0,'2016-02-13',0.4,0,'0',0,'2016-02-13',0,0,7,'0',1,0,0,0,0,0,NULL),(7346,'Silla plástica Nápoli blanca Mascardi','0',100703,'unidad',0,'2016-02-13',0.4,0,'0',0,'2016-02-13',0,0,7,'0',1,0,0,0,0,0,NULL),(7347,'Mesa 75cm 3 patas negra Mascardi','0',100704,'unidad',0,'2016-02-13',0.4,0,'0',0,'2016-02-13',0,0,7,'0',1,0,0,0,0,0,NULL),(7348,'Mesa PL guinea redonda blanca Gardenlife','7896620441308',100705,'unidad',435,'2016-02-06',0.4,737,'0',0,'2016-02-06',6,526,17,'0',0,2,0,1.21,0,0,NULL),(7349,'Espiral Mosquitrap x1','7791905002338',100706,'caja',0,'2015-06-15',1,51,'',0,'2015-12-30',5,11,7,NULL,NULL,NULL,NULL,NULL,NULL,NULL,NULL),(7350,'Tableta Mosquitrap x12','7791905002345',100707,'unidad',0,'2015-06-15',1,38,'',0,'2015-12-30',6,8,7,NULL,NULL,NULL,NULL,NULL,NULL,NULL,NULL),(7351,'Raid aparato para tableta ','',100708,'unidad',0,'2015-06-15',0.5,68,'',0,'2015-12-30',0,21,7,NULL,NULL,NULL,NULL,NULL,NULL,NULL,NULL),(7352,'Off spry extra duración 200cm3','',100709,'unidad',0,'2015-06-15',0.5,103,'',0,'2015-12-30',0,35,7,NULL,NULL,NULL,NULL,NULL,NULL,NULL,NULL),(7353,'Hermético \"tupper\" cuadrado 11.5x5cm','',100710,'unidad',0,'2015-06-15',0.8,44,'',0,'2015-12-30',0,12,7,NULL,NULL,NULL,NULL,NULL,NULL,NULL,NULL),(7354,'Set x3 \"tupper\" hermético ','',100711,'unidad',0,'2015-06-15',0.8,140,'',0,'2015-12-30',0,40,7,NULL,NULL,NULL,NULL,NULL,NULL,NULL,NULL),(7355,'Palita angosta mango madera p/jardín','',100712,'unidad',0,'2015-06-15',0.6,75,'',0,'2015-12-30',0,24,7,NULL,NULL,NULL,NULL,NULL,NULL,NULL,NULL),(7356,'Pulverizador gatillo 500ml','',100713,'unidad',0,'2015-06-15',0.6,44,'',0,'2015-12-30',0,14,7,NULL,NULL,NULL,NULL,NULL,NULL,NULL,NULL),(7357,'Pulverizador gatillo 1L','6914280097961',100714,'unidad',0,'2015-06-15',0.8,56,'',0,'2015-12-30',1,17,7,NULL,NULL,NULL,NULL,NULL,NULL,NULL,NULL),(7358,'Reloj de pared 22.5x4.1x1cm','',100715,'unidad',0,'2015-06-15',0.5,262,'',0,'2015-12-30',0,85,7,NULL,NULL,NULL,NULL,NULL,NULL,NULL,NULL),(7359,'Reloj despertador E 13/174 10.23.33','',100716,'unidad',48,'2015-06-15',0.5,166,'',0,'2015-12-30',0,58,7,NULL,NULL,NULL,NULL,NULL,NULL,NULL,NULL),(7360,'Cable 3.5 Stereo M/M 1','',100717,'unidad',0,'2015-06-15',0.75,68,'',0,'2015-12-30',0,20,7,NULL,NULL,NULL,NULL,NULL,NULL,NULL,NULL),(7361,'Cable 3.5 Stereo prolongación','',100718,'unidad',0,'2015-06-15',0.75,75,'',0,'2015-12-30',3,21,7,NULL,NULL,NULL,NULL,NULL,NULL,NULL,NULL),(7362,'Cable USB A/B 2.0 (para impresora)','C11117N',100719,'unidad',0,'2015-06-15',0.75,95,'',0,'2015-12-30',2,29,7,NULL,NULL,NULL,NULL,NULL,NULL,NULL,NULL),(7363,'Cable prolongación USB 2.0','',100077,'unidad',0,'2015-06-15',0.6,133,'',0,'2015-12-30',1,42,7,NULL,NULL,NULL,NULL,NULL,NULL,NULL,NULL),(7364,'Cable audio RCAx2','',100078,'unidad',0,'2015-06-15',0.75,60,'',0,'2015-12-30',2,17,7,NULL,NULL,NULL,NULL,NULL,NULL,NULL,NULL),(7365,'Cable armado RJ45 - Patch cord','4711162041973',100720,'unidad',0,'2015-06-15',0.75,56,'',0,'2015-12-30',1,16,7,NULL,NULL,NULL,NULL,NULL,NULL,NULL,NULL),(7366,'Conector RJ45 Plug Nivel5','',100071,'unidad',0,'2015-06-15',1.5,9,'',0,'2015-12-30',20,2,7,NULL,NULL,NULL,NULL,NULL,NULL,NULL,NULL),(7367,'Adaptador 1 RCA a plug','',100072,'unidad',0,'2015-06-15',0.75,33,'',0,'2015-12-30',4,9,7,NULL,NULL,NULL,NULL,NULL,NULL,NULL,NULL),(7368,'Adaptador 3.5 Stereo PL /2','',100073,'unidad',0,'2015-06-15',0.75,40,'',0,'2015-12-30',3,12,7,NULL,NULL,NULL,NULL,NULL,NULL,NULL,NULL),(7369,'Adaptador 3.5 Stereo a RCA','',100074,'unidad',0,'2015-06-15',0.75,35,'',0,'2015-12-30',3,9,7,NULL,NULL,NULL,NULL,NULL,NULL,NULL,NULL),(7370,'Adaptador Plug 6.3 MO','',100075,'unidad',0,'2015-06-15',0.75,33,'',0,'2015-12-30',4,8,7,NULL,NULL,NULL,NULL,NULL,NULL,NULL,NULL),(7371,'Adaptador 6.3 stereo plug','',100076,'unidad',0,'2015-06-15',0.75,35,'',0,'2015-12-30',2,10,7,NULL,NULL,NULL,NULL,NULL,NULL,NULL,NULL),(7372,'Memoria Micro SD 8GB con adapt. SD Kingston','740617183443',100721,'unidad',105,'2015-06-15',0.7,312,'',0,'2015-12-30',-2,127,7,NULL,NULL,NULL,NULL,NULL,NULL,NULL,NULL),(7373,'Pendrive 16GB Kingston','',100068,'unidad',162,'2015-06-15',0.7,482,'',0,'2015-12-30',0,196,7,NULL,NULL,NULL,NULL,NULL,NULL,NULL,NULL),(7374,'Tapa/válvula termo SPINT con LED todos los tamaños','',100069,'unidad',47,'2015-06-15',0.6,173,'',0,'2015-12-30',1,57,7,NULL,NULL,NULL,NULL,NULL,NULL,NULL,NULL),(7375,'Radio bolsillo DAHIATSU D-RK 9','',100070,'unidad',117,'2015-06-15',0.6,399,'',0,'2015-12-30',0,141,7,NULL,NULL,NULL,NULL,NULL,NULL,NULL,NULL),(7376,'Guirnalda art.20420','',20420,'unidad',0,'2015-06-15',1,34,'',0,'2015-12-30',0,10,8,NULL,NULL,NULL,NULL,NULL,NULL,NULL,NULL),(7377,'Adorno bolas grandes art.60070','',60070,'unidad',0,'2015-06-15',1,82,'',0,'2015-12-30',0,24,8,NULL,NULL,NULL,NULL,NULL,NULL,NULL,NULL),(7378,'Adorno bolas medianas art.60060','',60060,'unidad',0,'2015-06-15',1,61,'',0,'2015-12-30',0,18,8,NULL,NULL,NULL,NULL,NULL,NULL,NULL,NULL),(7379,'Adorno bolas chicas art.60050','',60050,'unidad',0,'2015-06-15',1,55,'',0,'2015-12-30',0,16,8,NULL,NULL,NULL,NULL,NULL,NULL,NULL,NULL),(7380,'Adorno bolas mini art.60040','',60040,'unidad',0,'2015-06-15',1,48,'',0,'2015-12-30',0,14,8,NULL,NULL,NULL,NULL,NULL,NULL,NULL,NULL),(7381,'Adorno bolas mini cuadritos art. 90449','',90449,'unidad',0,'2015-06-15',1.2,53,'',0,'2015-12-30',0,14,8,NULL,NULL,NULL,NULL,NULL,NULL,NULL,NULL),(7382,'Adorno bolas mini ralladas art. 90450','',90450,'unidad',0,'2015-06-15',1.2,53,'',0,'2015-12-30',0,14,8,NULL,NULL,NULL,NULL,NULL,NULL,NULL,NULL),(7383,'Adorno bolas medianas con brillante art.90438','',90438,'unidad',0,'2015-06-15',1,120,'',0,'2015-12-30',0,35,8,NULL,NULL,NULL,NULL,NULL,NULL,NULL,NULL),(7384,'Adorno corazones brillantes art. 90602','',90602,'unidad',0,'2015-06-15',1,68,'',0,'2015-12-30',0,20,8,NULL,NULL,NULL,NULL,NULL,NULL,NULL,NULL),(7385,'Puntero para pinito chico art.90600','',90600,'unidad',0,'2015-06-15',1.2,38,'',0,'2015-12-30',0,10,8,NULL,NULL,NULL,NULL,NULL,NULL,NULL,NULL),(7386,'Puntero para pinito grande art.8760','',8760,'unidad',0,'2015-06-15',1,120,'',0,'2015-12-30',0,35,8,NULL,NULL,NULL,NULL,NULL,NULL,NULL,NULL),(7387,'Campanitas art.78316','',78316,'unidad',0,'2015-06-15',1.2,90,'',0,'2015-12-30',0,24,8,NULL,NULL,NULL,NULL,NULL,NULL,NULL,NULL),(7388,'Luces navideñas x100 multifunción ','',60080,'unidad',0,'2015-06-15',1.2,94,'',0,'2015-12-30',0,25,8,NULL,NULL,NULL,NULL,NULL,NULL,NULL,NULL),(7389,'Muñeca Frozen/Sofía','',987,'unidad',0,'2015-06-15',1.2,84,'',0,'2015-12-30',0,28,8,NULL,NULL,NULL,NULL,NULL,NULL,NULL,NULL),(7390,'Pelota grande fútbol (Boca-River-Nike)','6902015020667',90000,'unidad',0,'2015-06-15',1,189,'',0,'2015-12-30',2,70,8,NULL,NULL,NULL,NULL,NULL,NULL,NULL,NULL),(7391,'Cinta Teflón 1/2x10m TacsaFlon','7798039291409',100810,'unidad',3.98515,'2016-02-26',2,13.2108,'0',0,'2016-02-26',43,4.40359,3,'INT1210',0,12,0,1.105,0,0,1),(7392,'Pelota inflable color','',90002,'unidad',0,'2015-06-15',1.8,38,'',0,'2015-12-30',19,10,8,NULL,NULL,NULL,NULL,NULL,NULL,NULL,NULL),(7393,'Autitos fast furi Hot-wheels','2015364977712',90009,'caja',0,'2015-06-15',1.2,51,'',0,'2015-12-30',6,17,8,NULL,NULL,NULL,NULL,NULL,NULL,NULL,NULL),(7394,'Autitos Racer AB-1','',90010,'bolsa',0,'2015-06-15',1.2,15,'',0,'2015-12-30',2,5,8,NULL,NULL,NULL,NULL,NULL,NULL,NULL,NULL),(7395,'Bolitas','',90011,'bolsa',0,'2015-06-15',1.2,27,'',0,'2015-12-30',1,9,8,NULL,NULL,NULL,NULL,NULL,NULL,NULL,NULL),(7396,'Pelotita personajes AA-12 y  CH','',90012,'unidad',0,'2015-06-15',1.2,24,'',0,'2015-12-30',25,8,8,NULL,NULL,NULL,NULL,NULL,NULL,NULL,NULL),(7397,'Pelotita con luz','',90013,'unidad',0,'2015-06-15',1.2,35,'',0,'2015-12-30',0,12,8,NULL,NULL,NULL,NULL,NULL,NULL,NULL,NULL),(7398,'Cajita Lego','',90014,'unidad',0,'2015-06-15',1.2,45,'',0,'2015-12-30',54,15,8,NULL,NULL,NULL,NULL,NULL,NULL,NULL,NULL),(7399,'Peluches todos','',90015,'unidad',0,'2015-06-15',1,189,'',0,'2015-12-30',9,70,8,NULL,NULL,NULL,NULL,NULL,NULL,NULL,NULL),(7400,'Naruto','',90016,'unidad',0,'2015-06-15',1,63,'',0,'2015-12-30',22,23,8,NULL,NULL,NULL,NULL,NULL,NULL,NULL,NULL),(7401,'Minions','4000080115225',90016,'pack',0,'2015-06-15',1,54,'',0,'2015-12-30',3,20,8,NULL,NULL,NULL,NULL,NULL,NULL,NULL,NULL),(7402,'Avengers','6980389785689',90017,'pack',0,'2015-06-15',1,65,'',0,'2015-12-30',15,24,8,NULL,NULL,NULL,NULL,NULL,NULL,NULL,NULL),(7403,'Animales bolsa','',90018,'bolsa',0,'2015-06-15',1,162,'',0,'2015-12-30',0,60,8,NULL,NULL,NULL,NULL,NULL,NULL,NULL,NULL),(7404,'Dinosaurios ','5428976898974',90019,'bolsa',0,'2015-06-15',1,20,'',0,'2015-12-30',14,8,8,NULL,NULL,NULL,NULL,NULL,NULL,NULL,NULL),(7405,'Superhéroes','',90020,'unidad',0,'2015-06-15',1,135,'',0,'2015-12-30',1,50,8,NULL,NULL,NULL,NULL,NULL,NULL,NULL,NULL),(7406,'Transformers','6953441500599',90021,'unidad',0,'2015-06-15',1,176,'',0,'2015-12-30',1,65,8,NULL,NULL,NULL,NULL,NULL,NULL,NULL,NULL),(7407,'Caño riego 40mm x6mts Junta Pegar Clase 6 Tigre','',100000,'unidad',0,'2015-06-15',0.6,0,'50 caños',0,'2015-12-30',0,50,9,NULL,NULL,NULL,NULL,NULL,NULL,NULL,NULL),(7408,'Caño riego 50mm x6mts Junta Pegar Clase 4 Tigre','',100001,'unidad',0,'2015-06-15',0.6,0,'50 caños',0,'2015-12-30',0,54,9,NULL,NULL,NULL,NULL,NULL,NULL,NULL,NULL),(7409,'Caño riego 63mm x6mts Junta Pegar Clase 4 Tigre','',100002,'unidad',0,'2015-06-15',0.64,0,'50 caños',0,'2015-12-30',0,79,9,NULL,NULL,NULL,NULL,NULL,NULL,NULL,NULL),(7410,'Caño riego 75mm x6mts Junta Pegar Clase 4 Tigre','',100003,'unidad',0,'2015-06-15',0.6,0,'50 caños',0,'2015-12-30',0,117,9,NULL,NULL,NULL,NULL,NULL,NULL,NULL,NULL),(7411,'Caño riego 90mm x6mts Junta Pegar Clase 4 Tigre','',100004,'unidad',0,'2015-06-15',0.59,0,'50 caños',0,'2015-12-30',10,129,9,NULL,NULL,NULL,NULL,NULL,NULL,NULL,NULL),(7412,'Caño riego 110mm x6mts Junta Pegar Clase 4 Tigre','',100005,'unidad',0,'2015-06-15',0.6,0,'30 caños',0,'2015-12-30',0,290,9,NULL,NULL,NULL,NULL,NULL,NULL,NULL,NULL),(7413,'Caño riego 140mm x6mts Junta Pegar Clase 4 Tigre','',100006,'unidad',0,'2015-06-15',0.51,0,'30 caños',0,'2015-12-30',0,316,9,NULL,NULL,NULL,NULL,NULL,NULL,NULL,NULL),(7414,'Caño riego 160mm x6mts Junta Goma Clase 4 Tigre','',100007,'unidad',0,'2015-06-15',0.47,0,'30 caños',0,'2015-12-30',0,450,9,NULL,NULL,NULL,NULL,NULL,NULL,NULL,NULL),(7415,'Pegamento reforzado para caños x1/2 litro','',100008,'unidad',0,'2015-06-15',0.61,0,'10 tarros',0,'2015-12-30',0,88,9,NULL,NULL,NULL,NULL,NULL,NULL,NULL,NULL),(7416,'Manguera jardín reforzada BluePress 5 de 1/2\" x12.5m','',100009,'rollo',350,'2015-06-15',0.7,839,'',0,'2015-12-30',0,296,9,NULL,NULL,NULL,NULL,NULL,NULL,NULL,NULL),(7417,'Manguera jardín reforzada 1/2\" x25m','7798059060146',100010,'rollo',189.52,'2016-02-26',1,418.839,'0',0,'2016-02-26',2,209.42,9,'PLA1123',0,12,0,1.105,0,0,1),(7418,'Manguera jardín reforzada 3/4\" x25m','',100011,'rollo',0,'2015-06-15',0.8,915,'',0,'2015-12-30',0,220,9,NULL,NULL,NULL,NULL,NULL,NULL,NULL,NULL),(7419,'Regador plástico 3 brazos ROOTS Garden','',100012,'unidad',0,'2015-06-15',0.6,163,'',0,'2015-12-30',0,42,9,NULL,NULL,NULL,NULL,NULL,NULL,NULL,NULL),(7420,'Regador plástico zapito código roc1','8011568777725',100013,'unidad',0,'2015-06-15',0.45,103,'',0,'2015-12-30',2,28,9,NULL,NULL,NULL,NULL,NULL,NULL,NULL,NULL),(7421,'Lanza de riego 1/2\" codigo roc0','',100014,'unidad',0,'2015-06-15',0.45,123,'',0,'2015-12-30',0,35,9,NULL,NULL,NULL,NULL,NULL,NULL,NULL,NULL),(7422,'Manguera ciega PE 16mm - k2.5 NETAFIM','',100015,'metro',0,'2015-06-15',1,14,'rollo x 500m',0,'2015-12-30',0,2,9,NULL,NULL,NULL,NULL,NULL,NULL,NULL,NULL),(7423,'Manguera ciega PE 20mm - k2.5 NETAFIM','',100016,'metro',0,'2015-06-15',1,22,'rollo x 300m',0,'2015-12-30',250,4,9,NULL,NULL,NULL,NULL,NULL,NULL,NULL,NULL),(7424,'Codo espiga 20x20','',100017,'unidad',0,'2015-06-15',1.07,14,'',0,'2015-12-30',46,3,9,NULL,NULL,NULL,NULL,NULL,NULL,NULL,NULL),(7425,'TE espiga 16x16x16','',100018,'unidad',0,'2015-06-15',1.07,14,'',0,'2015-12-30',8,3,9,NULL,NULL,NULL,NULL,NULL,NULL,NULL,NULL),(7426,'Conector espiga 16x16','',100019,'unidad',0,'2015-06-15',1,7,'',0,'2015-12-30',3,1,9,NULL,NULL,NULL,NULL,NULL,NULL,NULL,NULL),(7427,'Conector espiga 20x20','',100020,'unidad',0,'2015-06-15',1,9,'',0,'2015-12-30',35,2,9,NULL,NULL,NULL,NULL,NULL,NULL,NULL,NULL),(7428,'TE espiga 20x20x20','',100021,'unidad',0,'2015-06-15',1,17,'',0,'2015-12-30',37,4,9,NULL,NULL,NULL,NULL,NULL,NULL,NULL,NULL),(7429,'Conector inicial 20 mm','',100022,'unidad',0,'2015-06-15',1.03,12,'',0,'2015-12-30',50,2,9,NULL,NULL,NULL,NULL,NULL,NULL,NULL,NULL),(7430,'Conector inicial 16 mm','',100023,'unidad',0,'2015-06-15',1.05,9,'',0,'2015-12-30',50,2,9,NULL,NULL,NULL,NULL,NULL,NULL,NULL,NULL),(7431,'Goma para conector inicial','',100024,'unidad',0,'2015-06-15',1,7,'',0,'2015-12-30',50,1,9,NULL,NULL,NULL,NULL,NULL,NULL,NULL,NULL),(7432,'final de línea 16','',100025,'unidad',0,'2015-06-15',1,5,'',0,'2015-12-30',50,1,9,NULL,NULL,NULL,NULL,NULL,NULL,NULL,NULL),(7433,'final de línea 20','',100026,'unidad',0,'2015-06-15',0.9,7,'',0,'2015-12-30',50,1,9,NULL,NULL,NULL,NULL,NULL,NULL,NULL,NULL),(7434,'GLIF AMONIO - Herbicida - x20 Litros','0',100027,'Bidón',1520.36,'2016-02-12',0.4,2575.49,'',0,'2016-02-12',0,1839.64,10,'0',0,6,0,1.21,0,0,NULL),(7435,'Round-up Full II x20 litros','0',100028,'Bidón',1962.81,'2016-02-12',0.4,3325,'20 litros',0,'2016-02-12',2,2375,10,'0',0,6,0,1.21,0,0,NULL),(7436,'COTNION 20SC - Insecticida/Acaricida','0',100029,'litro',345.45,'2016-02-12',0.7,710.591,'0',0,'2016-02-12',0,417.995,10,'0',0,6,0,1.21,0,0,NULL),(7437,'Calypso Bayer 400ml - Insecticida/Acaricida','',100030,'unidad',0,'2015-06-15',0.6,1100,'0',0,'2015-12-30',0,328,10,NULL,NULL,NULL,NULL,NULL,NULL,NULL,NULL),(7438,'Formidor Cebo granulado 500gr - Hormiguicida/Insecticida','7790791061504',100031,'bolsa',41.32,'2016-02-12',0.7,84.9952,'0',0,'2016-02-12',4,49.9972,10,'0',0,6,0,1.21,0,0,NULL),(7439,'Cafulgor 1Kg Hormiguicida/Insecticida/Gorgojicida. polvo seco','AINSDLIN0000001',100032,'unidad',74.38,'2016-02-12',0.8,162,'0',0,'2016-02-12',0,89.9998,10,'0',0,6,0,1.21,0,0,NULL),(7440,'Cafulgor Plus 250gr Hormiguicida/Insecticida. polvo seco','0',100033,'unidad',28.92,'2016-02-12',1,69.9864,'0',0,'2016-02-12',-1,34.9932,10,'0',0,6,0,1.21,0,0,NULL),(7441,'Ridomil Gold. Fungicida - Caja x5Kg','0',100034,'Caja',2066,'2016-02-12',0.4,3499.8,'',0,'2016-02-12',0,2499.86,10,'0',0,6,0,1.21,0,0,NULL),(7442,'SW30 Coadyudante Adherente Biodegradable','',100035,'litro',0,'2015-06-15',0.82,106,'5 litros',0,'2015-12-30',0,22,10,NULL,NULL,NULL,NULL,NULL,NULL,NULL,NULL),(7443,'18/46','0',100036,'kg',0,'2016-02-12',0.9,0,'50 kg',0,'2016-02-12',746,0,10,'0',1,0,0,0,0,0,NULL),(7444,'Urea Nitrogran 46 GRAN x50 Kg','0',100037,'Bolsa',398.2,'2016-02-16',0.37,602.815,'0',0,'2016-02-16',-87,440.011,10,'0',0,6,0,1.105,0,0,NULL),(7445,'Triple 15 Arrancador Mosaic 612 KA x50 Kg','0',100038,'Bolsa',334.84,'2016-02-16',0.35,499.498,'50 kg',0,'2016-02-16',-30,369.998,10,'0',0,6,0,1.105,0,0,NULL),(7446,'18-46 fosfato x50 Kg','0',100039,'Bolsa',552.04,'2016-02-16',0.305,796.055,'0',0,'2016-02-16',20,610.004,10,'0',0,6,0,1.105,0,0,NULL),(7447,'Post-cosecha 5-34-0 más Azufre y Calcio x50 Kg','0',100040,'Bolsa',470.59,'2016-02-12',0.97,1024.4,'',0,'2016-02-12',20,520.002,10,'0',0,6,0,1.105,0,0,NULL),(7448,'Avena blanca forrajera. 46-0-0','',100041,'kg',0,'2015-06-15',1,28,'20 kg',0,'2015-12-30',0,6,10,NULL,NULL,NULL,NULL,NULL,NULL,NULL,NULL),(7449,'Caliga-K Savian - Fertilizante','',100042,'litro',0,'2015-06-15',0.8,243,'20 litros',0,'2015-12-30',0,59,10,NULL,NULL,NULL,NULL,NULL,NULL,NULL,NULL),(7450,'Potasio Plus Savian - Fertilizante','',100043,'litro',0,'2015-06-15',1,233,'20 litros',0,'2015-12-30',0,54,10,NULL,NULL,NULL,NULL,NULL,NULL,NULL,NULL),(7451,'Cadehumus - abono concentrado','',100044,'litro',0,'2015-06-15',0.8,145,'20 litros',0,'2015-12-30',-1,32,10,NULL,NULL,NULL,NULL,NULL,NULL,NULL,NULL),(7452,'Ferax - Fertilizante','',100045,'litro',0,'2015-06-15',0.8,151,'20 litros',0,'2015-12-30',0,34,10,NULL,NULL,NULL,NULL,NULL,NULL,NULL,NULL),(7453,'Cadestim','',100046,'litro',0,'2015-06-15',0.8,520,'0',0,'2015-12-30',0,128,10,NULL,NULL,NULL,NULL,NULL,NULL,NULL,NULL),(7454,'Biocad','',100047,'litro',0,'2015-06-15',0.8,1160,'0',0,'2015-12-30',0,290,10,NULL,NULL,NULL,NULL,NULL,NULL,NULL,NULL),(7455,'Shooter Plus - Insecticida','',100048,'litro',0,'2015-06-15',0.8,510,'0',0,'2015-12-30',0,120,10,NULL,NULL,NULL,NULL,NULL,NULL,NULL,NULL),(7456,'Semilla de Maíz Super Dulce 1441 Basso xkg (1kg aprox 9000s)','',100049,'kg',0,'2015-06-15',1,154,'0',0,'2015-12-30',2,28,10,NULL,NULL,NULL,NULL,NULL,NULL,NULL,NULL),(7457,'Semilla Zapallo Coco Híbrido Basso','',100050,'100gr',0,'2015-06-15',1,113,'0',0,'2015-12-30',3,27,10,NULL,NULL,NULL,NULL,NULL,NULL,NULL,NULL),(7458,'Semilla Zapallo Plomo/criollo','',100051,'100gr',0,'2015-06-15',1,113,'0',0,'2015-12-30',3,25,10,NULL,NULL,NULL,NULL,NULL,NULL,NULL,NULL),(7459,'Semilla Zapallito de tronco Basso Híbrido Angelo F1 ','',100052,'100gr',0,'2015-06-15',1,267,'0',0,'2015-12-30',-2,63,10,NULL,NULL,NULL,NULL,NULL,NULL,NULL,NULL),(7460,'Semilla Lechuga repollada ','',100053,'100gr',0,'2015-06-15',0.8,581,'0',0,'2015-12-30',3,240,10,NULL,NULL,NULL,NULL,NULL,NULL,NULL,NULL),(7461,'Semilla Tomate Seminis Hybrid Rodas x100 semillas','',100054,'bolsa',0,'2015-06-15',1,180,'0',0,'2015-12-30',10,43,10,NULL,NULL,NULL,NULL,NULL,NULL,NULL,NULL),(7462,'Semilla Pimiento Cayman F1 x100 semillas','',100055,'bolsa',0,'2015-06-15',1,223,'0',0,'2015-12-30',10,53,10,NULL,NULL,NULL,NULL,NULL,NULL,NULL,NULL),(7463,'Antiparacitario Meltra Plus Palatable hasta 20kg','',100056,'caja',0,'2015-06-15',1,101,'0',0,'2015-12-30',0,22,10,NULL,NULL,NULL,NULL,NULL,NULL,NULL,NULL),(7464,'Pipeta antigarrapata/pulga PowerUltra 11-20kg y 20-40kg','',100057,'caja',0,'2015-06-15',0.8,142,'0',0,'2015-12-30',1,35,10,NULL,NULL,NULL,NULL,NULL,NULL,NULL,NULL),(7465,'Bolsa nuecera 56x98','',100058,'unidad',0,'2015-06-15',1,16,'0',0,'2015-12-30',-6,6,10,NULL,NULL,NULL,NULL,NULL,NULL,NULL,NULL),(7466,'Bolsa papera 42x70 común','',100059,'unidad',0,'2015-06-15',1,9,'0',0,'2015-12-30',0,4,10,NULL,NULL,NULL,NULL,NULL,NULL,NULL,NULL),(7467,'Pulverizadora Jacto 20 litros','',100060,'unidad',0,'2015-06-15',0.6,2700,'0',0,'2015-12-30',0,1250,10,NULL,NULL,NULL,NULL,NULL,NULL,NULL,NULL),(7468,'Trituradora tomate/membrillo Villalobos','',100061,'unidad',0,'2015-06-15',0.8,2700,'0',0,'2015-12-30',2,1150,10,NULL,NULL,NULL,NULL,NULL,NULL,NULL,NULL),(7469,'Máquina picadora carne 22','',100062,'unidad',0,'2015-06-15',0,3500,'0',0,'2015-12-30',0,0,10,NULL,NULL,NULL,NULL,NULL,NULL,NULL,NULL),(7470,'Tijera Kit varias tijeras','',40000,'unidad',0,'2015-06-15',1,119,'',0,'2015-12-30',-1,44,11,NULL,NULL,NULL,NULL,NULL,NULL,NULL,NULL),(7471,'Tijera Kit 9010','',40001,'unidad',0,'2015-06-15',1,104,'',0,'2015-12-30',2,39,11,NULL,NULL,NULL,NULL,NULL,NULL,NULL,NULL),(7472,'Tijera Kit 9008','8436005902841',40002,'unidad',0,'2015-06-15',1,88,'',0,'2015-12-30',2,33,11,NULL,NULL,NULL,NULL,NULL,NULL,NULL,NULL),(7473,'Bobina hilo t120 450m c/bobina','',40003,'unidad',0,'2015-06-15',1.5,15,'',0,'2015-12-30',181,5,11,NULL,NULL,NULL,NULL,NULL,NULL,NULL,NULL),(7474,'Aguja de mano','',40004,'unidad',0,'2015-06-15',1.5,2,'',0,'2015-12-30',0,0,11,NULL,NULL,NULL,NULL,NULL,NULL,NULL,NULL),(7475,'Canasta agujas','',40005,'unidad',0,'2015-06-15',5,20,'',0,'2015-12-30',27,2,11,NULL,NULL,NULL,NULL,NULL,NULL,NULL,NULL),(7476,'Alfiler común por unidad','',40006,'unidad',0,'2015-06-15',1.5,0,'',0,'2015-12-30',235,0,11,NULL,NULL,NULL,NULL,NULL,NULL,NULL,NULL),(7477,'Alfiler cabeza perla por disco','',40007,'unidad',0,'2015-06-15',1.5,10,'',0,'2015-12-30',9,2,11,NULL,NULL,NULL,NULL,NULL,NULL,NULL,NULL),(7478,'Alfiler gancho x12 unidades','',40008,'unidad',0,'2015-06-15',3.5,12,'',0,'2015-12-30',17,1,11,NULL,NULL,NULL,NULL,NULL,NULL,NULL,NULL),(7479,'Alfiler gancho chico por unidad','',40009,'unidad',0,'2015-06-15',3.5,1,'',0,'2015-12-30',106,0,11,NULL,NULL,NULL,NULL,NULL,NULL,NULL,NULL),(7480,'Cinta raso Arco Iris 10m art888 xmetro','',40010,'metro',0,'2015-06-15',2.5,5,'',0,'2015-12-30',52,1,11,NULL,NULL,NULL,NULL,NULL,NULL,NULL,NULL),(7481,'Cinta argentina n1 xmetro','',40011,'metro',0,'2015-06-15',2.5,5,'',0,'2015-12-30',0,1,11,NULL,NULL,NULL,NULL,NULL,NULL,NULL,NULL),(7482,'Cinta argentina n2 xmetro','',40012,'metro',0,'2015-06-15',2.5,6,'',0,'2015-12-30',3,1,11,NULL,NULL,NULL,NULL,NULL,NULL,NULL,NULL),(7483,'Cinta argentina n3 xmetro','',40013,'metro',0,'2015-06-15',2.5,9,'',0,'2015-12-30',7,1,11,NULL,NULL,NULL,NULL,NULL,NULL,NULL,NULL),(7484,'Broderie Guipure art10154','',40014,'metro',0,'2015-06-15',1.5,22,'',0,'2015-12-30',12,5,11,NULL,NULL,NULL,NULL,NULL,NULL,NULL,NULL),(7485,'Puntilla ','',40015,'metro',0,'2015-06-15',2,19,'',0,'2015-12-30',6,3,11,NULL,NULL,NULL,NULL,NULL,NULL,NULL,NULL),(7486,'Centímetro','',40016,'unidad',0,'2015-06-15',2,10,'',0,'2015-12-30',4,2,11,NULL,NULL,NULL,NULL,NULL,NULL,NULL,NULL),(7487,'Lentejuelas x250 unidades','',40017,'bolsa',0,'2015-06-15',4,10,'',0,'2015-12-30',4,1,11,NULL,NULL,NULL,NULL,NULL,NULL,NULL,NULL),(7488,'Talonario números 0 a 100','',40018,'bolsa',4,'2015-06-15',1,12,'',0,'2015-12-30',6,4,11,NULL,NULL,NULL,NULL,NULL,NULL,NULL,NULL),(7489,'Talonario números 0 a 200','',40019,'bolsa',7,'2015-06-15',1,22,'',0,'2015-12-30',7,7,11,NULL,NULL,NULL,NULL,NULL,NULL,NULL,NULL),(7490,'Rollo bolsas de arranque 15x20','7795618000094',40020,'unidad',16.942,'2016-02-06',0.85,38,'0',0,'2016-02-06',10,20,11,'0',0,4,0,1.21,0,0,NULL),(7491,'Rollo bolsas de arranque 20x30 x750grs','7795618000117',40021,'unidad',30.165,'2016-02-06',0.85,68,'0',0,'2016-02-06',20,36,11,'0',0,4,0,1.21,0,0,NULL),(7492,'Rollo bolsas de arranque 25x35 x750grs','7795618000124',40022,'unidad',30.165,'2016-02-06',0.85,68,'0',0,'2016-02-06',10,36,11,'0',0,4,0,1.21,0,0,NULL),(7493,'Rollo bolsas de arranque 30x40 x750grs','7795618000131',40023,'unidad',30.165,'2016-02-06',1,73,'0',0,'2016-02-06',10,36,11,'0',0,4,0,1.21,0,0,NULL),(7494,'Bolsa camiseta 45x60 x100 reforzada','0',40024,'unidad',34.298,'2016-02-06',0.85,77,'0',0,'2016-02-06',6,42,11,'0',0,4,0,1.21,0,0,NULL),(7495,'Bolsa zipper 5x7','',40025,'unidad',0,'2015-06-15',2,2,'',0,'2015-12-30',0,0,11,NULL,NULL,NULL,NULL,NULL,NULL,NULL,NULL),(7496,'Bolsa zipper 7x10','',40026,'unidad',0,'2015-06-15',2,2,'',0,'2015-12-30',0,0,11,NULL,NULL,NULL,NULL,NULL,NULL,NULL,NULL),(7497,'Bolsa zipper 12x17','',40027,'unidad',0,'2015-06-15',2,2,'',0,'2015-12-30',0,0,11,NULL,NULL,NULL,NULL,NULL,NULL,NULL,NULL),(7498,'Bolsa zipper 15x20','',40028,'unidad',0,'2015-06-15',2,2,'',0,'2015-12-30',0,0,11,NULL,NULL,NULL,NULL,NULL,NULL,NULL,NULL),(7499,'Bolsa zipper 17x25','',40029,'unidad',0,'2015-06-15',2,3,'',0,'2015-12-30',0,1,11,NULL,NULL,NULL,NULL,NULL,NULL,NULL,NULL),(7500,'Bolsa zipper 20x30','',40030,'unidad',0,'2015-06-15',2,3,'',0,'2015-12-30',0,1,11,NULL,NULL,NULL,NULL,NULL,NULL,NULL,NULL),(7501,'Bolsa zipper 25x35','',40031,'unidad',0,'2015-06-15',2,4,'',0,'2015-12-30',0,1,11,NULL,NULL,NULL,NULL,NULL,NULL,NULL,NULL),(7502,'Bandas elásticas Flexibands x25gr','',40032,'x25gr',0,'2015-06-15',3.5,16,'',0,'2015-12-30',0,2,11,NULL,NULL,NULL,NULL,NULL,NULL,NULL,NULL),(7503,'Bolsas de tejido para compras 35x50','',40033,'unidad',5,'2015-06-15',2.3,27,'',0,'2015-12-30',0,6,11,NULL,NULL,NULL,NULL,NULL,NULL,NULL,NULL),(7504,'Cordones por par','',40034,'unidad',0,'2015-06-15',2.5,15,'',0,'2015-12-30',34,3,11,NULL,NULL,NULL,NULL,NULL,NULL,NULL,NULL),(7505,'Elástico angosto','',40035,'metro',0,'2015-06-15',0,7,'',0,'2015-12-30',-4,0,11,NULL,NULL,NULL,NULL,NULL,NULL,NULL,NULL),(7506,'Elástico mediano','',40036,'metro',0,'2015-06-15',0,14,'',0,'2015-12-30',-8,0,11,NULL,NULL,NULL,NULL,NULL,NULL,NULL,NULL),(7507,'Elástico ancho','',40037,'metro',0,'2015-06-15',0,20,'',0,'2015-12-30',-1,0,11,NULL,NULL,NULL,NULL,NULL,NULL,NULL,NULL),(7508,'Zoquete PODE COMPUTADO','7506284500463',50000,'unidad',3,'2015-06-15',1.2,12,'',0,'2015-12-30',17,4,12,NULL,NULL,NULL,NULL,NULL,NULL,NULL,NULL),(7509,'Bombacha bebe Rub 46780039 39 ','',50001,'unidad',9,'2015-06-15',1.2,34,'',0,'2015-12-30',2,11,12,NULL,NULL,NULL,NULL,NULL,NULL,NULL,NULL),(7510,'Bombacha media michifuz C 20460165 165','',50002,'unidad',14,'2015-06-15',1.2,57,'',0,'2015-12-30',33,17,12,NULL,NULL,NULL,NULL,NULL,NULL,NULL,NULL),(7511,'Slip rayado antillas EL 37960270 270','37960150',50003,'unidad',13,'2015-06-15',1.2,53,'',0,'2015-12-30',24,16,12,NULL,NULL,NULL,NULL,NULL,NULL,NULL,NULL),(7512,'Remera Jersey varón/nena CLA 51585115 5115','55145142',50004,'unidad',19,'2015-06-15',1.2,70,'',0,'2015-12-30',18,23,12,NULL,NULL,NULL,NULL,NULL,NULL,NULL,NULL),(7513,'Remera nena Modal Rich CO 52750730 730','',50005,'unidad',19,'2015-06-15',1.2,78,'',0,'2015-12-30',4,23,12,NULL,NULL,NULL,NULL,NULL,NULL,NULL,NULL),(7514,'Medias niños 0-1 elemento 102510202 1020','102510200',50006,'unidad',14,'2015-06-15',1.2,51,'',0,'2015-12-30',19,17,12,NULL,NULL,NULL,NULL,NULL,NULL,NULL,NULL),(7515,'Medias niños 2-3 elemento 102510200 1020','102510200',50007,'unidad',14,'2015-06-15',1.2,51,'',0,'2015-12-30',21,17,12,NULL,NULL,NULL,NULL,NULL,NULL,NULL,NULL),(7516,'Medias niños 4-5 elemento 102510200 1020','10251090',100063,'unidad',14,'2015-06-15',1.2,51,'',0,'2015-12-30',5,17,12,NULL,NULL,NULL,NULL,NULL,NULL,NULL,NULL),(7517,'Aros perla por dos cualquier tamaño  y color 11-203/1','',50008,'el par',2,'2015-06-15',6,24,'',0,'2015-12-30',23,2,12,NULL,NULL,NULL,NULL,NULL,NULL,NULL,NULL),(7518,'Aros bola de fuego por dos 22-229/3','',50009,'el par',12,'2015-06-15',1.5,62,'',0,'2015-12-30',17,15,12,NULL,NULL,NULL,NULL,NULL,NULL,NULL,NULL),(7519,'Colitas card medianas c/u 22-25/16','',50010,'unidad',0,'2015-06-15',3,3,'',0,'2015-12-30',-15,0,12,NULL,NULL,NULL,NULL,NULL,NULL,NULL,NULL),(7520,'Colitas chiquitas colores c/u 22-255/2','',50011,'unidad',0,'2015-06-15',3,2,'',0,'2015-12-30',-12,0,12,NULL,NULL,NULL,NULL,NULL,NULL,NULL,NULL),(7521,'Gomitas c/u 11-82','',50012,'unidad',0,'2015-06-15',5,2,'',0,'2015-12-30',256,0,12,NULL,NULL,NULL,NULL,NULL,NULL,NULL,NULL),(7522,'Vincha colores c/u 72/1 al 72/3 22-72/1','',50013,'unidad',6,'2015-06-15',2,34,'',0,'2015-12-30',5,7,12,NULL,NULL,NULL,NULL,NULL,NULL,NULL,NULL),(7523,'Hebilla banana c/u 22-256/4','',50014,'unidad',4,'2015-06-15',2,25,'',0,'2015-12-30',4,5,12,NULL,NULL,NULL,NULL,NULL,NULL,NULL,NULL),(7524,'Broches mini c/u 11-73/1','',50015,'unidad',0,'2015-06-15',3,1,'',0,'2015-12-30',37,0,12,NULL,NULL,NULL,NULL,NULL,NULL,NULL,NULL),(7525,'Broches chicos c/u 11-73/11','',50016,'unidad',0,'2015-06-15',3,2,'',0,'2015-12-30',80,0,12,NULL,NULL,NULL,NULL,NULL,NULL,NULL,NULL),(7526,'Broches medianos negros y color Nylon 3 5079 el par','',50017,'unidad',9,'2015-06-15',1.8,39,'',0,'2015-12-30',36,9,12,NULL,NULL,NULL,NULL,NULL,NULL,NULL,NULL),(7527,'Picos para el pelo medianos c/u 22-79/2','',50018,'unidad',1,'2015-06-15',3,8,'',0,'2015-12-30',0,1,12,NULL,NULL,NULL,NULL,NULL,NULL,NULL,NULL),(7528,'Invisibles Fashion Jewerly c/u 136/1 AL 4 22-136/1','',50019,'unidad',0,'2015-06-15',3,1,'',0,'2015-12-30',0,0,12,NULL,NULL,NULL,NULL,NULL,NULL,NULL,NULL),(7529,'TicTac Fashion Jewerly c/u 22-35-3','',50020,'unidad',1,'2015-06-15',2,9,'',0,'2015-12-30',4,2,12,NULL,NULL,NULL,NULL,NULL,NULL,NULL,NULL),(7530,'Set hebillas y colitas Fashion Jewerly 22-61/13','',50021,'paquete',7,'2015-06-15',2,43,'',0,'2015-12-30',3,8,12,NULL,NULL,NULL,NULL,NULL,NULL,NULL,NULL),(7531,'Breteles color/transparente','',50022,'bolsa',4,'2015-06-15',2,22,'',0,'2015-12-30',0,4,12,NULL,NULL,NULL,NULL,NULL,NULL,NULL,NULL),(7532,'Medias zoquetes deportivos x3','',50024,'unidad',0,'2015-06-15',1.2,94,'',0,'2015-12-30',0,25,12,NULL,NULL,NULL,NULL,NULL,NULL,NULL,NULL),(7533,'Musculosa dama','',50025,'unidad',0,'2015-06-15',1.2,83,'',0,'2015-12-30',3,22,12,NULL,NULL,NULL,NULL,NULL,NULL,NULL,NULL),(7534,'Remerón seda fría','',50026,'unidad',0,'2015-06-15',1.2,225,'',0,'2015-12-30',0,60,12,NULL,NULL,NULL,NULL,NULL,NULL,NULL,NULL),(7535,'Musculosa dama con tachas','',50027,'unidad',0,'2015-06-15',1.2,150,'',0,'2015-12-30',0,40,12,NULL,NULL,NULL,NULL,NULL,NULL,NULL,NULL),(7536,'Remera manga corta dama con tachas (japonesa)','',50028,'unidad',0,'2015-06-15',1.2,169,'',0,'2015-12-30',0,45,12,NULL,NULL,NULL,NULL,NULL,NULL,NULL,NULL),(7537,'Short estampado New day','',50029,'unidad',0,'2015-06-15',1.2,225,'',0,'2015-12-30',2,60,12,NULL,NULL,NULL,NULL,NULL,NULL,NULL,NULL),(7538,'Short liso Rulita','',50030,'unidad',0,'2015-06-15',1.2,274,'',0,'2015-12-30',3,73,12,NULL,NULL,NULL,NULL,NULL,NULL,NULL,NULL),(7539,'Colitas medianas cualquier color - 11-231/7-2-5','',50031,'unidad',1,'2015-06-15',3,4,'',0,'2015-12-30',133,1,12,NULL,NULL,NULL,NULL,NULL,NULL,NULL,NULL),(7540,'Colitas grandes cualquier color - 11-972/3-4','',50032,'unidad',2,'2015-06-15',1.5,8,'',0,'2015-12-30',13,2,12,NULL,NULL,NULL,NULL,NULL,NULL,NULL,NULL),(7541,'Colitas grandes cualquier color - 11-972/5-6','',50033,'unidad',2,'2015-06-15',1.5,11,'',0,'2015-12-30',7,3,12,NULL,NULL,NULL,NULL,NULL,NULL,NULL,NULL),(7542,'Invisibles - blister x 12 - 11-37-1','',50034,'unidad',1,'2015-06-15',3,4,'',0,'2015-12-30',45,1,12,NULL,NULL,NULL,NULL,NULL,NULL,NULL,NULL),(7543,'Invisibles grandes - blister x 24 - 11-610-1','',50035,'unidad',3,'2015-06-15',1.2,13,'',0,'2015-12-30',12,3,12,NULL,NULL,NULL,NULL,NULL,NULL,NULL,NULL),(7544,'Broches grandes - cualquier color ','',50036,'unidad',9,'2015-06-15',1.8,39,'',0,'2015-12-30',35,9,12,NULL,NULL,NULL,NULL,NULL,NULL,NULL,NULL),(7545,'Broches chicos carey - 22-251/2','',50037,'unidad',6,'2015-06-15',1.5,31,'',0,'2015-12-30',24,7,12,NULL,NULL,NULL,NULL,NULL,NULL,NULL,NULL),(7546,'Guante colores liso ','',50038,'unidad',10,'2015-06-15',1.5,41,'',0,'2015-12-30',7,12,12,NULL,NULL,NULL,NULL,NULL,NULL,NULL,NULL),(7547,'Gorro Coya','',50039,'unidad',20,'2015-06-15',1,65,'',0,'2015-12-30',8,24,12,NULL,NULL,NULL,NULL,NULL,NULL,NULL,NULL),(7548,'Gorro Liso','',50040,'unidad',6,'2015-06-15',2,30,'',0,'2015-12-30',6,7,12,NULL,NULL,NULL,NULL,NULL,NULL,NULL,NULL),(7549,'Cuello Polar','',50041,'unidad',12,'2015-06-15',1.5,49,'',0,'2015-12-30',9,15,12,NULL,NULL,NULL,NULL,NULL,NULL,NULL,NULL),(7550,'Pantalón friza adachi','',50042,'unidad',50,'2015-06-15',1,162,'',0,'2015-12-30',7,61,12,NULL,NULL,NULL,NULL,NULL,NULL,NULL,NULL),(7551,'Ciudadela - Tom Medias Larga','',10001,'unidad',0,'2015-06-15',1.2,76,'',0,'2015-12-30',0,22,13,NULL,NULL,NULL,NULL,NULL,NULL,NULL,NULL),(7552,'Half Medias Tres Cuarto','',10002,'unidad',0,'2015-06-15',1.2,62,'',0,'2015-12-30',0,18,13,NULL,NULL,NULL,NULL,NULL,NULL,NULL,NULL),(7553,'Maidenform Conjunto Perlea Negro','',10003,'unidad',0,'2015-06-15',1,421,'',0,'2015-12-30',0,156,13,NULL,NULL,NULL,NULL,NULL,NULL,NULL,NULL),(7554,'Maidenform','',10004,'unidad',0,'2015-06-15',1,505,'',0,'2015-12-30',1,187,13,NULL,NULL,NULL,NULL,NULL,NULL,NULL,NULL),(7555,'Maidenform Conjunto Perlea Blanco','',10005,'unidad',0,'2015-06-15',1,421,'',0,'2015-12-30',1,156,13,NULL,NULL,NULL,NULL,NULL,NULL,NULL,NULL),(7556,'Mora Panty Semi Opaca Brise','7790166091327',10007,'unidad',0,'2015-06-15',1.2,82,'',0,'2015-12-30',22,24,13,NULL,NULL,NULL,NULL,NULL,NULL,NULL,NULL),(7557,'Mora Candy joven Cola Less','',10008,'unidad',0,'2015-06-15',1.2,99,'',0,'2015-12-30',1,29,13,NULL,NULL,NULL,NULL,NULL,NULL,NULL,NULL),(7558,'Mora Vedettina','',10009,'unidad',0,'2015-06-15',1.2,91,'',0,'2015-12-30',2,27,13,NULL,NULL,NULL,NULL,NULL,NULL,NULL,NULL),(7559,'Mora Cola Less','',10010,'unidad',0,'2015-06-15',1.2,103,'',0,'2015-12-30',0,30,13,NULL,NULL,NULL,NULL,NULL,NULL,NULL,NULL),(7560,'Mora Vedettina','',10011,'unidad',0,'2015-06-15',1.2,107,'',0,'2015-12-30',2,31,13,NULL,NULL,NULL,NULL,NULL,NULL,NULL,NULL),(7561,'Promesse Conjunto Push Taza Soft Septiembre y Culotte','',10012,'unidad',0,'2015-06-15',1,616,'',0,'2015-12-30',1,228,13,NULL,NULL,NULL,NULL,NULL,NULL,NULL,NULL),(7562,'Promesse Triángulo Soft Romantic y Vedetina','',10013,'unidad',0,'2015-06-15',1,513,'',0,'2015-12-30',1,190,13,NULL,NULL,NULL,NULL,NULL,NULL,NULL,NULL),(7563,'Promesse Conjunto Rojoy Vedetina Angels','',10014,'unidad',0,'2015-06-15',1,510,'',0,'2015-12-30',1,189,13,NULL,NULL,NULL,NULL,NULL,NULL,NULL,NULL),(7564,'Pañuelo','',20000,'unidad',0,'2015-06-15',1.2,81,'',0,'2015-12-30',0,23,14,NULL,NULL,NULL,NULL,NULL,NULL,NULL,NULL),(7565,'Pañuelo','',20001,'unidad',0,'2015-06-15',0.9,155,'',0,'2015-12-30',0,50,14,NULL,NULL,NULL,NULL,NULL,NULL,NULL,NULL),(7566,'Peine','',20002,'unidad',0,'2015-06-15',1.2,36,'',0,'2015-12-30',0,10,14,NULL,NULL,NULL,NULL,NULL,NULL,NULL,NULL),(7567,'Tarjeteros','',20003,'unidad',20,'2015-06-15',1.2,85,'',0,'2015-12-30',0,24,14,NULL,NULL,NULL,NULL,NULL,NULL,NULL,NULL),(7568,'Conjunto aro y collar con piedras','',20004,'unidad',9,'2015-06-15',2,53,'',0,'2015-12-30',1,11,14,NULL,NULL,NULL,NULL,NULL,NULL,NULL,NULL),(7569,'Conjunto aro y collar con piedras','',20005,'unidad',21,'2015-06-15',1.2,90,'',0,'2015-12-30',0,25,14,NULL,NULL,NULL,NULL,NULL,NULL,NULL,NULL),(7570,'Conjunto aro y collar con piedras','',20006,'unidad',21,'2015-06-15',1.2,91,'',0,'2015-12-30',0,25,14,NULL,NULL,NULL,NULL,NULL,NULL,NULL,NULL),(7571,'Conjunto aro y collar con piedras','',20007,'unidad',20,'2015-06-15',1.2,87,'',0,'2015-12-30',0,24,14,NULL,NULL,NULL,NULL,NULL,NULL,NULL,NULL),(7572,'Conjunto aro y collar con piedras','',20008,'unidad',30,'2015-06-15',1.2,130,'',0,'2015-12-30',-1,36,14,NULL,NULL,NULL,NULL,NULL,NULL,NULL,NULL),(7573,'Conjunto aro y collar con piedras','',20009,'unidad',25,'2015-06-15',1.2,108,'',0,'2015-12-30',0,30,14,NULL,NULL,NULL,NULL,NULL,NULL,NULL,NULL),(7574,'Collares','',20010,'Unidad',30,'2015-06-15',1.2,130,'',0,'2015-12-30',6,36,14,NULL,NULL,NULL,NULL,NULL,NULL,NULL,NULL),(7575,'Aros de acero','',20011,'Unidad',18,'2015-06-15',1.2,78,'',0,'2015-12-30',3,22,14,NULL,NULL,NULL,NULL,NULL,NULL,NULL,NULL),(7576,'Aros de acero','',20012,'Unidad',25,'2015-06-15',1.2,108,'',0,'2015-12-30',0,30,14,NULL,NULL,NULL,NULL,NULL,NULL,NULL,NULL),(7577,'Aros de acero','',20013,'Unidad',26,'2015-06-15',1.2,103,'',0,'2015-12-30',2,31,14,NULL,NULL,NULL,NULL,NULL,NULL,NULL,NULL),(7578,'Aros H y B','',20014,'Unidad',23,'2015-06-15',1.2,98,'',0,'2015-12-30',2,27,14,NULL,NULL,NULL,NULL,NULL,NULL,NULL,NULL),(7579,'Aros H y B','',20015,'Unidad',17,'2015-06-15',1.2,72,'',0,'2015-12-30',2,20,14,NULL,NULL,NULL,NULL,NULL,NULL,NULL,NULL),(7580,'Aros H y B','',20016,'Unidad',18,'2015-06-15',1.2,78,'',0,'2015-12-30',3,22,14,NULL,NULL,NULL,NULL,NULL,NULL,NULL,NULL),(7582,'Aros colgantes','',20018,'Unidad',17,'2015-06-15',1.2,72,'',0,'2015-12-30',1,20,14,NULL,NULL,NULL,NULL,NULL,NULL,NULL,NULL),(7583,'Aros colgantes','',20019,'Unidad',12,'2015-06-15',1.2,50,'',0,'2015-12-30',2,14,14,NULL,NULL,NULL,NULL,NULL,NULL,NULL,NULL),(7584,'Aros colgantes','',20020,'unidad',6,'2015-06-15',1.2,24,'',0,'2015-12-30',0,7,14,NULL,NULL,NULL,NULL,NULL,NULL,NULL,NULL),(7585,'Aros clip','',20021,'Unidad',18,'2015-06-15',1.2,77,'',0,'2015-12-30',4,22,14,NULL,NULL,NULL,NULL,NULL,NULL,NULL,NULL),(7586,'Pulseras de acero','',20022,'Unidad',20,'2015-06-15',1.2,87,'',0,'2015-12-30',3,24,14,NULL,NULL,NULL,NULL,NULL,NULL,NULL,NULL),(7587,'Pulseras','',20023,'Unidad',9,'2015-06-15',1.2,40,'',0,'2015-12-30',0,11,14,NULL,NULL,NULL,NULL,NULL,NULL,NULL,NULL),(7588,'Pulseras','',20024,'Unidad',21,'2015-06-15',1.2,90,'',0,'2015-12-30',2,25,14,NULL,NULL,NULL,NULL,NULL,NULL,NULL,NULL),(7589,'Pulseras','',20025,'Unidad',20,'2015-06-15',1.2,87,'',0,'2015-12-30',2,24,14,NULL,NULL,NULL,NULL,NULL,NULL,NULL,NULL),(7590,'Pulseras','',20026,'Unidad',7,'2015-06-15',1.2,30,'',0,'2015-12-30',0,8,14,NULL,NULL,NULL,NULL,NULL,NULL,NULL,NULL),(7591,'Invisibles con strass x2','',20027,'Unidad',7,'2015-06-15',1.2,32,'',0,'2015-12-30',4,9,14,NULL,NULL,NULL,NULL,NULL,NULL,NULL,NULL),(7592,'Anillos','',20028,'unidad',17,'2015-06-15',1.2,74,'',0,'2015-12-30',3,21,14,NULL,NULL,NULL,NULL,NULL,NULL,NULL,NULL),(7593,'Anillos','',20029,'unidad',12,'2015-06-15',1.2,52,'',0,'2015-12-30',2,15,14,NULL,NULL,NULL,NULL,NULL,NULL,NULL,NULL),(7594,'Anillos','',20030,'unidad',5,'2015-06-15',1.2,23,'',0,'2015-12-30',0,7,14,NULL,NULL,NULL,NULL,NULL,NULL,NULL,NULL),(7595,'Anillos','',20031,'unidad',15,'2015-06-15',1.2,67,'',0,'2015-12-30',4,19,14,NULL,NULL,NULL,NULL,NULL,NULL,NULL,NULL),(7596,'Anillos','',20032,'unidad',26,'2015-06-15',1.2,113,'',0,'2015-12-30',3,31,14,NULL,NULL,NULL,NULL,NULL,NULL,NULL,NULL),(7597,'Anillos','',20033,'unidad',14,'2015-06-15',1.2,61,'',0,'2015-12-30',3,17,14,NULL,NULL,NULL,NULL,NULL,NULL,NULL,NULL),(7598,'Pañuelo','',20034,'unidad',18,'2015-06-15',1.2,78,'',0,'2015-12-30',0,22,14,NULL,NULL,NULL,NULL,NULL,NULL,NULL,NULL),(7599,'Anillos','',20035,'unidad',19,'2015-06-15',1.2,82,'',0,'2015-12-30',7,23,14,NULL,NULL,NULL,NULL,NULL,NULL,NULL,NULL),(7600,'Billetera','',20036,'unidad',0,'2015-06-15',1.2,126,'',0,'2015-12-30',0,35,14,NULL,NULL,NULL,NULL,NULL,NULL,NULL,NULL),(7601,'Billetera','',20037,'unidad',0,'2015-06-15',1.2,179,'',0,'2015-12-30',0,50,14,NULL,NULL,NULL,NULL,NULL,NULL,NULL,NULL),(7602,'Pulseras','',20039,'unidad',0,'2015-06-15',1.2,43,'',0,'2015-12-30',1,12,14,NULL,NULL,NULL,NULL,NULL,NULL,NULL,NULL),(7603,'Espejo para cartera','',20040,'unidad',0,'2015-06-15',1.2,32,'',0,'2015-12-30',0,9,14,NULL,NULL,NULL,NULL,NULL,NULL,NULL,NULL),(7604,'Anteojos de sol','',20041,'unidad',0,'2015-06-15',1,114,'',0,'2015-12-30',1,35,14,NULL,NULL,NULL,NULL,NULL,NULL,NULL,NULL),(7605,'Reloj Dakota plástico (Garantía 6 meses)','',20042,'unidad',0,'2015-06-15',1,218,'',0,'2015-12-30',7,67,14,NULL,NULL,NULL,NULL,NULL,NULL,NULL,NULL),(7606,'Reloj Time (Garantía 6 meses)','',20043,'unidad',0,'2015-06-15',1,196,'',0,'2015-12-30',3,60,14,NULL,NULL,NULL,NULL,NULL,NULL,NULL,NULL),(7607,'Reloj Dakota cuero (Garantía 6 meses)','',20044,'unidad',0,'2015-06-15',1,339,'',0,'2015-12-30',3,104,14,NULL,NULL,NULL,NULL,NULL,NULL,NULL,NULL),(7608,'Reloj Oferta Geneva y Metal Oro','',20045,'unidad',0,'2015-06-15',1,98,'',0,'2015-12-30',1,30,14,NULL,NULL,NULL,NULL,NULL,NULL,NULL,NULL),(7609,'Esmaltes opacos y perlados','',30000,'unidad',10,'2015-06-15',1.2,39,'',0,'2015-12-30',2,11,15,NULL,NULL,NULL,NULL,NULL,NULL,NULL,NULL),(7610,'Quita esmalte Jactan\'s (tapa verde)','7798121751712',30001,'Unidad',9,'2015-06-15',1.2,38,'',0,'2015-12-30',6,10,15,NULL,NULL,NULL,NULL,NULL,NULL,NULL,NULL),(7611,'Quita esmalte Jactan\'s (tapa roja)','7798121751699',30002,'Unidad',9,'2015-06-15',1.2,38,'',0,'2015-12-30',2,10,15,NULL,NULL,NULL,NULL,NULL,NULL,NULL,NULL),(7612,'Quita esmalte Jactan\'s (tapa azul)','7798121751705',30003,'Unidad',9,'2015-06-15',1.2,38,'',0,'2015-12-30',8,10,15,NULL,NULL,NULL,NULL,NULL,NULL,NULL,NULL),(7613,'Polvo rubor ','',30004,'Unidad',20,'2015-06-15',1.2,86,'',0,'2015-12-30',3,24,15,NULL,NULL,NULL,NULL,NULL,NULL,NULL,NULL),(7614,'Polvo rubor compacto','',30005,'unidad',14,'2015-06-15',1.2,61,'',0,'2015-12-30',0,17,15,NULL,NULL,NULL,NULL,NULL,NULL,NULL,NULL),(7615,'Maquillaje líquido','',30006,'unidad',15,'2015-06-15',1.2,65,'',0,'2015-12-30',1,18,15,NULL,NULL,NULL,NULL,NULL,NULL,NULL,NULL),(7616,'Máscara de pestañas','',30007,'unidad',13,'2015-06-15',1.2,56,'',0,'2015-12-30',1,15,15,NULL,NULL,NULL,NULL,NULL,NULL,NULL,NULL),(7617,'Delineador de ojos líquido y retráctil','',30008,'unidad',17,'2015-06-15',1.2,69,'',0,'2015-12-30',9,18,15,NULL,NULL,NULL,NULL,NULL,NULL,NULL,NULL),(7618,'Delineador de ojos color','',30009,'unidad',12,'2015-06-15',1.2,52,'',0,'2015-12-30',3,14,15,NULL,NULL,NULL,NULL,NULL,NULL,NULL,NULL),(7619,'Delineador de ojos lápiz','',30010,'unidad',6,'2015-06-15',1.2,26,'',0,'2015-12-30',1,7,15,NULL,NULL,NULL,NULL,NULL,NULL,NULL,NULL),(7620,'Set pequeño de sombras para ojos','',30011,'unidad',20,'2015-06-15',1.2,89,'',0,'2015-12-30',0,24,15,NULL,NULL,NULL,NULL,NULL,NULL,NULL,NULL),(7621,'Sombra para ojos','',30012,'unidad',6,'2015-06-15',1.2,27,'',0,'2015-12-30',0,7,15,NULL,NULL,NULL,NULL,NULL,NULL,NULL,NULL),(7622,'Sombra para ojos','',30013,'unidad',8,'2015-06-15',1.2,35,'',0,'2015-12-30',2,10,15,NULL,NULL,NULL,NULL,NULL,NULL,NULL,NULL),(7623,'Set grande de sombras para ojos','',30014,'unidad',27,'2015-06-15',1.2,119,'',0,'2015-12-30',0,33,15,NULL,NULL,NULL,NULL,NULL,NULL,NULL,NULL),(7624,'Lápiz labial','',30015,'unidad',10,'2015-06-15',1.2,42,'',0,'2015-12-30',42,11,15,NULL,NULL,NULL,NULL,NULL,NULL,NULL,NULL),(7625,'Brillo labial','',30017,'Unidad',19,'2015-06-15',1.2,49,'',0,'2015-12-30',7,20,15,NULL,NULL,NULL,NULL,NULL,NULL,NULL,NULL),(7626,'Corrector Ojeras','',30018,'unidad',9,'2015-06-15',1.2,74,'',0,'2015-12-30',1,11,15,NULL,NULL,NULL,NULL,NULL,NULL,NULL,NULL),(7627,'Pinza depilar negra Solingen','',30019,'unidad',4,'2015-06-15',1.2,42,'',0,'2015-12-30',11,5,15,NULL,NULL,NULL,NULL,NULL,NULL,NULL,NULL),(7628,'Esmaltes con brillo','',30020,'unidad',12,'2015-06-15',1.2,39,'',0,'2015-12-30',4,13,15,NULL,NULL,NULL,NULL,NULL,NULL,NULL,NULL),(7629,'Aceite Oliva Hilal 0.5L vidrio','0',100064,'unidad',43,'2016-02-06',0.5,78,'0',0,'2016-02-06',-1,0,16,'0',0,1,0,1.21,NULL,NULL,NULL),(7630,'Morrones Hilal frasco','0',100065,'unidad',28,'2016-02-06',0.7,58,'0',0,'2016-02-06',4,34,16,'0',0,1,0,1.21,NULL,NULL,NULL),(7631,'Aceitunas verdes mediana (800gr neto - 500g escurrido)','0',100066,'unidad',24,'2016-02-06',0.5,44,'0',0,'2016-02-06',9,29,16,'0',0,1,0,1.21,NULL,NULL,NULL),(7632,'Dulces y miel ','',100067,'unidad',0,'2015-06-15',1,50,'',0,'2015-12-30',31,0,16,NULL,NULL,NULL,NULL,NULL,NULL,NULL,NULL),(7634,'Gazebo ROOTS 2.40 x 2.40 Verde RAFIA','2080000596275',200006,'unidad',530,'2016-02-06',0.4,898,'0',0,'2016-02-06',4,641,17,'0',0,2,0,1.21,NULL,NULL,NULL),(7635,'Percha madera clara Cotidiana x1','0',200007,'unidad',0,'2016-02-06',1,0,'0',0,'2016-02-06',0,0,7,'0',0,2,0,1.21,7337,8,NULL),(7636,'Llave térmica/térmico Sica 1P15A 3kA Curva C','',200008,'unidad',43.78,'2016-02-06',0.6,85,'',0,'2016-02-06',2,53,1,'00TM115SICC3',0,3,0,1.21,0,0,NULL),(7637,'Llave térmica/térmico Sica 2P10A 3kA Curva C','',200009,'unidad',94.88,'2016-02-06',0.5,172,'',0,'2016-02-06',2,115,1,'00TM210SICC3',0,3,0,1.21,0,0,NULL),(7638,'Llave térmica/térmico Sica 2P15A 3kA Curva C','',200010,'unidad',94.88,'2016-02-06',0.65,189,'',0,'2016-02-06',1,115,1,'00TM215SICC3',0,3,0,1.21,0,0,NULL),(7639,'Vasos Cola Lunares Bollano x1','',200011,'unidad',3.967,'2016-02-06',0.6,8,'',0,'2016-02-06',60,5,11,'',0,4,0,1.21,0,0,NULL),(7640,'Vasos plásticos de 800cc x50u','',200012,'pack',69.421,'2016-02-06',0.5,126,'0',0,'2016-02-06',2,84,11,'0',0,4,0,1.21,0,0,NULL),(7641,'Vasos plásticos de 800cc x1u','0',200013,'unidad',0,'2016-02-06',1,0,'0',0,'2016-02-06',0,0,11,'0',0,4,0,1.21,7640,50,NULL),(7642,'Vasos trago largo color flexible x1 \"AR\"','',200014,'unidad',0.791,'2016-02-06',0.6,2,'',0,'2016-02-06',50,1,11,'',0,4,0,1.21,0,0,NULL),(7643,'Copas Sundae x1','',200015,'unidad',1.446,'2016-02-06',0.65,3,'',0,'2016-02-06',40,2,11,'',0,4,0,1.21,0,0,NULL),(7644,'Copas Sundae x10','0',200016,'unidad',0,'2016-02-06',0.5,0,'0',0,'2016-02-06',0,0,11,'0',0,4,0,1.21,7643,0.1,NULL),(7645,'vasos trago largo color flexible x10 \"AR\"','0',200017,'pack',0,'2016-02-06',0.5,0,'0',0,'2016-02-06',0,0,11,'0',0,4,0,1.21,7642,0.1,NULL),(7646,'Sillón Belén Blanco Gardenlife','7896620481052',200018,'unidad',96.9174,'2016-02-06',0.5,176,'',0,'2016-02-06',12,117,17,'',0,2,0,1.21,0,0,NULL),(7647,'Ventilador Luft turbo 18 met','7798164751533',200019,'unidad',611,'2016-02-06',0.5,1109,'0',0,'2016-02-06',3,739,7,'0',0,2,0,1.21,0,0,NULL),(7648,'Silla apilable natal Gardenlife','7896620489003',200020,'unidad',141.322,'2016-02-06',0.5,257,'',0,'2016-02-06',24,171,17,'',0,2,0,1.21,0,0,NULL),(7650,'Manconil fungicida x5 Kg','',200021,'Bolsa',1438.02,'2016-02-12',0.5,2610,'',0,'2016-02-12',2,1740,10,'',0,6,0,1.21,0,0,NULL),(7651,'Urea Nitrogran 46 GRAN x1 Kg','0',200022,'kg',0,'2016-02-12',0.7,0,'0',0,'2016-02-12',0,0,10,'0',0,6,0,1.105,7444,50,NULL),(7652,'Triple 15 Arrancador Mosaic 612 KA x1 Kg','',200023,'unidad',0,'2016-02-12',0.7,0,'',0,'2016-02-12',0,0,10,'',0,6,0,1.105,7445,50,NULL),(7653,'18-46 fosfato x1 Kg','0',200024,'kg',0,'2016-02-12',0.7,0,'0',0,'2016-02-12',0,0,10,'0',0,6,0,1.105,7446,50,NULL),(7654,'Post-cosecha 5-34-0 más Azufre y Calcio x1 Kg','',200025,'kg',0,'2016-02-12',0.7,0,'',0,'2016-02-12',0,0,10,'',0,6,0,1.105,7447,50,NULL),(7655,'Round-up Full II x1 litro','',200026,'litro',0,'2016-02-12',0.7,0,'',0,'2016-02-12',0,0,10,'',0,6,0,1.21,7435,20,NULL),(7656,'GLIF AMONIO - Herbicida - x1 Litro','',200027,'litro',0,'2016-02-12',0.7,0,'',0,'2016-02-12',0,0,10,'',0,6,0,1.21,7434,20,NULL),(7657,'Frasco 360cc Amanecer 63 (ancho y petiso) xfardo de 24 Sin tapa','0',200028,'pack',0,'2016-02-12',0.6,0,'0',0,'2016-02-12',0,0,5,'0',0,5,0,1.21,7151,0.04167,NULL),(7658,'Tapa rosca Twes 63 (frasco chico) x24 tapas','0',200029,'pack',0,'2016-02-12',0.6,0,'0',0,'2016-02-12',0,0,5,'0',0,5,0,1.21,7159,0.04167,NULL),(7659,'Frasco 800cc Alba 70 BCO xfardo de 24 Sin Tapa','0',200030,'pack',0,'2016-02-12',0.6,0,'0',0,'2016-02-12',0,0,5,'0',0,5,0,1.21,7153,0.04167,NULL),(7660,'Tapa rosca Twes 70 grande - x24 tapas','',200031,'pack',0,'2016-02-12',0.6,0,'',0,'2016-02-12',0,0,5,'',0,5,0,1.21,7160,0.04167,NULL),(7661,'Frasco PVC cristal 370 cc con tapa blanca/amarilla  - fardo x24 unidades','',200032,'pack',0,'2016-02-12',0.6,0,'',0,'2016-02-12',0,0,5,'',0,5,0,1.21,7150,0.04167,NULL),(7662,'Manconil fungicida x1 Kg','0',200033,'kg',0,'2016-02-16',0.65,0,'0',0,'2016-02-16',0,0,10,'0',0,6,0,1.21,7650,5,NULL),(7663,'Colchón Imperial c/resortes 140cm x 190 cm','',200034,'unidad',2696,'2016-02-19',0.5,4893.24,'',0,'2016-02-19',2,3262.16,7,'',0,9,0,1.21,0,0,NULL),(7664,'Colchón Imperial c/resortes 90cm x 190 cm','',200035,'unidad',2029,'2016-02-19',0.5,3682.64,'',0,'2016-02-19',2,2455.09,7,'',0,9,0,1.21,0,0,NULL),(7665,'Colchón Imperial c/resortes 80cm x 190 cm','',200036,'unidad',1714,'2016-02-19',0.5,3110.91,'',0,'2016-02-19',3,2073.94,7,'',0,9,0,1.21,0,0,NULL),(7666,'Colchón Family espuma 80cm x 190 cm','',200037,'unidad',1276,'2016-02-19',0.5,2315.94,'',0,'2016-02-19',3,1543.96,7,'',0,9,0,1.21,0,0,NULL),(7667,'Memoria Micro SD 16GB con adapt. SD Kingston','740617245974',200038,'unidad',159.78,'2016-02-20',0.7,328.667,'0',0,'2016-02-20',4,193.334,7,'0257',0,10,0,1.21,0,0,1),(7668,'Pendrive 16GB Kingston DataTravel microDuo DTDUO','740617229189',200039,'unidad',209.6,'2016-02-20',0.7,431.147,'',0,'2016-02-20',4,253.616,7,'0250',0,10,0,1.21,0,0,1),(7669,'Pilas Panasonic tipo-D Alcalina POWER x2','7896067200148',200040,'pack',30.08,'2016-02-20',0.7,61.8746,'',0,'2016-02-20',12,36.3968,7,'4016',0,10,0,1.21,0,0,1),(7670,'Auriculares Panasonic c/vincha AUR. RP-HT21','037988259052',200041,'unidad',103.95,'2016-02-20',0.7,213.825,'',0,'2016-02-20',3,125.78,7,'3871',0,10,0,1.21,0,0,1),(7671,'Linterna RAYOVAC flotante 10 LEDs','783094020573',200042,'unidad',139.31,'2016-02-20',0.7,286.561,'0',0,'2016-02-20',3,168.565,5,'7524',0,10,0,1.21,0,0,1),(7672,'Auriculares Sony MDR-EX15LP negros sin vincha','027242867277',200043,'unidad',209.91,'2016-02-20',0.7,431.785,'',0,'2016-02-20',2,253.991,7,'7174',0,10,0,1.21,0,0,1),(7673,'Cartulina MRC/LUMA','0',200044,'unidad',2.23144,'2016-02-20',2.7,9.99016,'0',0,'2016-02-20',100,2.70004,2,'337200',0,11,0,1.21,0,0,1),(7674,'Papel afiche liso color','0',200045,'unidad',3.14052,'2016-02-20',2.5,13.3001,'0',0,'2016-02-20',97,3.80003,2,'445540',0,11,0,1.21,0,0,1),(7675,'Carpeta nº3 c/cordón crt Minions cod.1003159','7798166465551',200046,'unidad',32.975,'2016-02-20',0.6,63.8396,'',0,'2016-02-20',1,39.8997,2,'332542',0,11,0,1.21,0,0,1),(7676,'Carpeta nº3 c/cordón ciber war RX','6939540586894',200047,'unidad',20.663,'2016-02-20',0.6,40.0036,'',0,'2016-02-20',0,25.0022,2,'333412',0,11,0,1.21,0,0,1),(7677,'Carpeta nº3 c/cordón con brillos','6939540589673',200048,'unidad',20.663,'2016-02-20',0.6,40.0036,'0',0,'2016-02-20',0,25.0022,2,'333400',1,11,0,1.21,0,0,1),(7678,'Carpeta nº3 c/cordón Tajma ME','7797456034811',200049,'unidad',23.966,'2016-02-20',0.6,46.3982,'',0,'2016-02-20',7,28.9989,2,'422951',0,11,0,1.21,0,0,1),(7679,'Carpeta nº3 c/cordón DSG','7798124647463',200050,'unidad',28.928,'2016-02-20',0.6,56.0046,'',0,'2016-02-20',10,35.0029,2,'427211',0,11,0,1.21,0,0,1),(7680,'Folio oficio DR/LUMA común','7796893000267',200051,'unidad',0.49505,'2016-02-20',3,2.39604,'0',0,'2016-02-20',100,0.599011,2,'365001',0,11,0,1.21,0,0,1),(7681,'Folio A4 DR/LUMA','7796893000458',200052,'unidad',0.38846,'2016-02-20',3,1.88015,'0',0,'2016-02-20',100,0.470037,2,'365004',0,11,0,1.21,0,0,1),(7682,'Plasticola 40gr pico azul','7794851001028',200053,'unidad',6.8575,'2016-02-20',0.6,13.2761,'',0,'2016-02-20',22,8.29757,2,'304102',0,11,0,1.21,0,0,1),(7683,'Aros/anillos nº40 1802','7792533009980',200054,'unidad',1.40498,'2016-02-20',3,6.8001,'0',0,'2016-02-20',79,1.70003,2,'432002',0,11,0,1.21,0,0,1),(7684,'Cuaderno Gloria Tapa dura forrado 42h rayadas rojo 100936','7791762128042',200055,'unidad',10.658,'2016-02-20',0.6,20.6339,'0',0,'2016-02-20',3,12.8962,2,'363021',0,11,0,1.21,0,0,1),(7685,'Cuaderno Éxito tapa dura forrado azul 48h rayadas 100992','7791762427077',200056,'unidad',22.724,'2016-02-20',0.6,43.9937,'0',0,'2016-02-20',8,27.496,2,'363120',0,11,0,1.21,0,0,1),(7686,'Cuaderno Éxito tapa dura forrado rosa 48h rayadas 100984','7791762422072',200057,'unidad',22.724,'2016-02-20',0.6,43.9937,'0',0,'2016-02-20',8,27.496,2,'363127',0,11,0,1.21,0,0,1),(7687,'Cuaderno América NOS espiral chico 16x21 80h rayadas','7792216653882',200058,'unidad',13.803,'2016-02-20',0.6,26.7226,'',0,'2016-02-20',10,16.7016,2,'366082',0,11,0,1.21,0,0,1),(7688,'Cuaderno Avon grande 22x29 84h rayadas','7791762655205',200059,'unidad',13.633,'2016-02-20',0.6,26.3935,'',0,'2016-02-20',5,16.4959,2,'363136',0,11,0,1.21,0,0,1),(7689,'Cuaderno Avon grande 22x29 84h cuadriculadas','7791762255106',200060,'unidad',13.633,'2016-02-20',0.6,26.3935,'0',0,'2016-02-20',3,16.4959,2,'363137',0,11,0,1.21,0,0,1),(7690,'Cuaderno América tapa flexible TF 48h rayadas','7792216238456',200061,'unidad',4.133,'2016-02-20',1.5,12.5023,'0',0,'2016-02-20',12,5.00093,2,'366004',0,11,0,1.21,0,0,1),(7691,'Cuaderno Gloria tapa flexible x24h rayado 100741','7791762110030',200062,'unidad',2.689,'2016-02-20',1.5,8.13422,'',0,'2016-02-20',25,3.25369,2,'363001',0,11,0,1.21,0,0,1),(7692,'Separadores de asignaturas Rivadavia nº3 522308','7792216042143',200063,'unidad',16.08,'2016-02-20',0.8,35.0222,'',0,'2016-02-20',3,19.4568,2,'362140',0,11,0,1.21,0,0,1),(7693,'Fibras/marcadores Pintaloco x12 largos','7792700008273',200064,'unidad',14.46,'2016-02-20',0.7,29.7442,'',0,'2016-02-20',4,17.4966,2,'448906',0,11,0,1.21,0,0,1),(7694,'Lápices color x12 cortos TEORIA+','6939184402253',200065,'caja',6.282,'2016-02-20',0.7,12.9221,'0',0,'2016-02-20',20,7.60122,2,'355018',0,11,0,1.21,0,0,1),(7695,'Lápices color x12 largos TEORIA+','6939184402260',200066,'unidad',11.486,'2016-02-20',0.7,23.6267,'0',0,'2016-02-20',11,13.8981,2,'355019',0,11,0,1.21,0,0,1),(7696,'Lápices de cera Plastipinturas Jovi x12 largos','7790667000057',200067,'unidad',22.73,'2016-02-20',0.7,46.7556,'0',0,'2016-02-20',4,27.5033,2,'385002',0,11,0,1.21,0,0,1),(7697,'Lápices de color largos BIC Evolution x12 + 3 negros','070330430457',200068,'caja',23.556,'2016-02-20',2,85.5083,'',0,'2016-02-20',5,28.5028,2,'321316',0,11,0,1.21,0,0,1),(7698,'Fibras/marcadores Pintaloco x6 largos','7792700008266',200069,'pack',6.448,'2016-02-20',0.8,14.0437,'',0,'2016-02-20',8,7.80208,2,'448905',0,11,0,1.21,0,0,1),(7699,'Lápices de cera x12 Faber cortos','8901180243121',200070,'caja',13.169,'2016-02-20',0.7,27.0886,'',0,'2016-02-20',6,15.9345,2,'371522',0,11,0,1.21,0,0,1),(7700,'Lápices de color BIC Kids x12 cortos','070330422032',200071,'caja',12.312,'2016-02-20',0.7,25.3258,'',0,'2016-02-20',12,14.8975,2,'321320',0,11,0,1.21,0,0,1),(7701,'Corrector Berol Sylvapen','7795245511109',200072,'unidad',6.365,'2016-02-20',1,15.4033,'0',0,'2016-02-20',19,7.70165,2,'479002',0,11,0,1.21,0,0,1),(7702,'Marcador permanente negro SIPA','6951604610673',200073,'unidad',8.057,'2016-02-20',1,19.4979,'',0,'2016-02-20',19,9.74897,2,'481042',0,11,0,1.21,0,0,1),(7703,'Birome BIC 1mm Azul','070330125285',200074,'unidad',3.057,'2016-02-20',1,7.39794,'',0,'2016-02-20',96,3.69897,2,'321001',0,11,0,1.21,0,0,1),(7704,'Birome BIC 1mm Negra','070330125308',200075,'unidad',3.223,'2016-02-20',1,7.79966,'',0,'2016-02-20',46,3.89983,2,'321006',0,11,0,1.21,0,0,1),(7705,'Microfibra Toyo 98 Negra','7790667011220',200076,'unidad',5.374,'2016-02-20',1,13.0051,'',0,'2016-02-20',11,6.50254,2,'385042',0,11,0,1.21,0,0,1),(7706,'Resaltador chato Sipa amarillo','6951604615326',200077,'unidad',6.942,'2016-02-20',1,16.7996,'0',0,'2016-02-20',10,8.39982,2,'481021',0,11,0,1.21,0,0,1),(7707,'Resaltador chato Sipa verde','6951604615340',200078,'unidad',6.942,'2016-02-20',1,16.7996,'',0,'2016-02-20',9,8.39982,2,'481022',0,11,0,1.21,0,0,1),(7708,'Resaltador chato Sipa naranja','6951604615371',200079,'unidad',6.942,'2016-02-20',1,16.7996,'',0,'2016-02-20',10,8.39982,2,'481024',0,11,0,1.21,0,0,1),(7709,'Forro papel plastificado para cuadernos Cars MRC','0',200080,'unidad',6.6118,'2016-02-20',1,16.0006,'',0,'2016-02-20',9,8.00028,2,'445405',0,11,0,1.21,0,0,1),(7710,'Forro papel plastificado para cuadernos Minions MRC','',200081,'unidad',6.6118,'2016-02-20',1,16.0006,'',0,'2016-02-20',8,8.00028,2,'445417',0,11,0,1.21,0,0,1),(7711,'Forro papel plastificado para cuadernos DRA Juguete M','',200082,'unidad',6.6118,'2016-02-20',1,16.0006,'',0,'2016-02-20',8,8.00028,2,'445420',0,11,0,1.21,0,0,1),(7712,'Forro papel plastificado para cuadernos Frozen MRC','',200083,'unidad',6.6118,'2016-02-20',1,16.0006,'',0,'2016-02-20',7,8.00028,2,'445427',0,11,0,1.21,0,0,1),(7713,'Cutter Start 18mm Maped','315440182113',200084,'unidad',9.588,'2016-02-20',1,23.203,'',0,'2016-02-20',6,11.6015,2,'453170',0,11,0,1.21,0,0,1),(7714,'Cutter Start 9mm Maped','3154140922115',200085,'unidad',6.864,'2016-02-20',1,16.6109,'',0,'2016-02-20',6,8.30544,2,'453165',0,11,0,1.21,0,0,1),(7715,'Repuesto para cutter 9mm chi/rx','6939540502207',200086,'unidad',0.6942,'2016-02-20',3,3.35993,'',0,'2016-02-20',20,0.839982,2,'472132',0,11,0,1.21,0,0,1),(7716,'Mochila 17\" Espalda Negra ME','7797456026151',200087,'unidad',86.063,'2016-02-20',0.6,166.618,'',0,'2016-02-20',2,104.136,2,'410083',0,11,0,1.21,0,0,1),(7717,'Cartuchera plana Jean Vaquero Pencil Box','',200088,'unidad',17.04,'2016-02-20',0.7,35.0513,'',0,'2016-02-20',4,20.6184,2,'420122',0,11,0,1.21,0,0,1),(7718,'Mochila 14\" Espalda Gamuzada Love','779745604072',200089,'unidad',181.238,'2016-02-20',0.6,350.877,'',0,'2016-02-20',2,219.298,2,'410647',0,11,0,1.21,0,0,1),(7719,'Mochila 12\" espalda Cars','7453002792061',200090,'unidad',146.832,'2016-02-20',0.6,284.267,'',0,'2016-02-20',1,177.667,2,'407920',0,11,0,1.21,0,0,1),(7720,'Mochila 12\" espalda Princesa Wabro','7453002788064',200091,'unidad',146.832,'2016-02-20',0.6,284.267,'',0,'2016-02-20',1,177.667,2,'407803',0,11,0,1.21,0,0,1),(7721,'Lámpara Farol 3c x1 unidad','779808221321',200092,'unidad',192.975,'2016-02-20',0.6,373.6,'',0,'2016-02-20',18,233.5,7,'',0,2,0,1.21,0,0,1),(7723,'	Espiga PPL doble 1/2\"','7798079336115',200093,'unidad',1.3,'2016-02-26',1,3.146,'0',0,'2016-02-26',28,1.573,6,'1242296',0,2,0,1.21,0,0,1),(7724,'Espiga PPL doble 1\" ','7798079336139',200094,'unidad',2.69,'2016-02-26',1.5,8.13725,'0',0,'2016-02-26',10,3.2549,6,'1242298',0,2,0,1.21,0,0,1),(7725,'	Espiga PPL triple TE 1\"','7798079336634',200095,'unidad',6.55,'2016-02-26',1.3,18.2286,'',0,'2016-02-26',6,7.9255,6,'1242292',0,2,0,1.21,0,0,1),(7726,'Espiga PPL red R/M 1/2x1','7798079336306',200096,'unidad',3.22,'2016-02-26',1.3,8.96126,'',0,'2016-02-26',10,3.8962,6,'1241391',0,2,0,1.21,0,0,1),(7727,'Espiga PPL red R/M 3/4x1','7798079336290',200097,'unidad',3.22,'2016-02-26',1.3,8.96126,'',0,'2016-02-26',10,3.8962,6,'1241392',0,2,0,1.21,0,0,1),(7728,'Rosca con tuerca (RCT) MM PPL 1x3/4','7798079334197',200098,'unidad',4.31,'2016-02-26',1.3,11.9947,'',0,'2016-02-26',10,5.2151,6,'1242279',0,2,0,1.21,0,0,1),(7729,'Rosca con tuerca (RCT) MM PPL 1','7798079334135',200099,'unidad',3.73,'2016-02-26',1.3,10.3806,'',0,'2016-02-26',10,4.5133,6,'1241343',0,2,0,1.21,0,0,1),(7730,'	TEE PPL HHH 1','7798079333633',200100,'unidad',9.41,'2016-02-26',1.3,26.188,'',0,'2016-02-26',6,11.3861,6,'1241356',0,2,0,1.21,0,0,1),(7731,'Tijerón/Podón yunque Pro extensible ROOTS','7730716024313',200101,'unidad',466.91,'2016-02-26',0.7,960.434,'',0,'2016-02-26',3,564.961,5,'9000743',0,2,0,1.21,0,0,1),(7732,'ratacho madera algarrobo 12x30cm','',200102,'unidad',37.9548,'2016-02-26',0.6,73.4805,'',0,'2016-02-26',12,45.9253,3,'CAB0330',0,12,0,1.21,0,0,0),(7733,'Destronillador buscapolo num 2501','',200103,'unidad',25.1973,'2016-02-26',0.7,51.8307,'',0,'2016-02-26',10,30.4887,5,'CEL2501',0,12,0,1.21,0,0,0),(7734,'Destornillador x1 pieza (negros) Celestal (cualquiera del juego de 6)','0',200104,'unidad',0,'2016-02-26',1.2,0,'0',0,'2016-02-26',0,0,5,'0',0,12,0,1.21,7025,6,1),(7735,'Plomada p/albañil de 400gr','',200105,'unidad',42.7609,'2016-02-26',0.7,87.9592,'',0,'2016-02-26',1,51.7407,5,'TOT400',0,12,0,1.21,0,0,1),(7736,'Guantes goma liviano n9','7792048008263',200106,'unidad',32.7411,'2016-02-26',1,79.2336,'',0,'2016-02-26',11,39.6168,5,'TAC9',0,12,0,1.21,0,0,1),(7737,'Canilla plástica p/manguera 1/2\" Duke','',200107,'unidad',17.04,'2016-02-26',0.8,37.1131,'',0,'2016-02-26',6,20.6184,5,'DUK12',0,12,0,1.21,0,0,1),(7738,'Aerosol pintura esmalte duo azul marino','',200108,'unidad',20.9326,'2016-02-26',1.3,53.2002,'',0,'2016-02-26',6,23.1305,3,'LEO7',0,12,0,1.105,0,0,1),(7739,'Cuchilla/cutter fija profesional metálica','',200109,'unidad',61.7441,'2016-02-26',0.6,109.164,'',0,'2016-02-26',4,68.2273,5,'EJR4',0,12,0,1.105,0,0,1),(7740,'Canilla metálica de 3/4\" BRILAQUA c/mango','',200110,'unidad',37.1046,'2016-02-26',1,82.0012,'',0,'2016-02-26',4,41.0006,5,'BRI034',0,12,0,1.105,0,0,1),(7741,'Cinta papel pintor Rapifix 18mm x 50m c/bolsa','7790817540181',200111,'unidad',15.79,'2016-02-26',1,38.2118,'',0,'2016-02-26',18,19.1059,3,'RAP018',0,12,0,1.21,0,0,1),(7742,'Cinta ancha tela DUCTAC Multip. Tacsa 48mmx9m Gris','7798039293946',200112,'unidad',38.7582,'2016-02-26',0.7,72.8073,'',0,'2016-02-26',6,42.8278,5,'INT10',0,12,0,1.105,0,0,1),(7743,'Cuchara albañil forjada de 8\" Biassoni','7798102257318',200113,'unidad',111.259,'2016-02-26',0.6,196.706,'',0,'2016-02-26',3,122.941,3,'BIA28',0,12,0,1.105,0,0,1),(7744,'Pico punta y pala de 76mm encabado Gherardi','7797091022136',200114,'unidad',458.97,'2016-02-26',0.5,833.031,'',0,'2016-02-26',2,555.354,3,'GHE076',0,12,0,1.21,0,0,1),(7745,'Maza para albañil con cabo de 1000gr','',200115,'unidad',66.3448,'2016-02-26',0.7,124.629,'',0,'2016-02-26',4,73.3111,5,'BER1000',0,12,0,1.105,0,0,1),(7746,'Canilla plástica Arco Iris Duke','7795418018145',200116,'unidad',7.6232,'2016-02-26',2,27.6722,'0',0,'2016-02-26',16,9.22407,5,'DUK3300',0,12,0,1.21,0,0,1),(7747,'Herradura trabajo Mustad n24-1','7798153915229',200117,'unidad',87.1189,'2016-02-26',0.6,168.662,'',0,'2016-02-26',10,105.414,3,'UST41',0,12,0,1.21,0,0,1),(7748,'Canilla de bronce cromada c/manga de 3/4','',200118,'unidad',88.4189,'2016-02-26',0.6,171.179,'',0,'2016-02-26',2,106.987,5,'DUK034',0,12,0,1.21,0,0,1),(7749,'	Llave ajustable 6\" Biassoni','7798172001767',200119,'unidad',102.893,'2016-02-26',0.6,199.201,'',0,'2016-02-26',2,124.501,5,'BIA2850',0,12,0,1.21,0,0,1),(7750,'Pinza universal Biassoni 6\"','7798172000685',200120,'unidad',91.7572,'2016-02-26',0.6,177.642,'',0,'2016-02-26',2,111.026,5,'BIA2800',0,12,0,1.21,0,0,1),(7751,'Llave combinada 9mm Tramontina','7891114009231',200121,'unidad',15.7099,'2016-02-26',0.6,30.4143,'',0,'2016-02-26',2,19.0089,5,'TRA3109',0,12,0,1.21,0,0,1),(7752,'Llave combinada 12mm Tramontina','7891114009262',200122,'unidad',16.9455,'2016-02-26',0.6,32.8065,'',0,'2016-02-26',3,20.5041,5,'TRA3112',0,12,0,1.21,0,0,1),(7753,'Llave combinada 14mm Tramontina','7891114009286',200123,'unidad',20.3873,'2016-02-26',0.6,39.4697,'',0,'2016-02-26',4,24.6686,5,'TRA3114',0,12,0,1.21,0,0,1),(7754,'Llave combinada 16mm Tramontina','7891114009309',200124,'unidad',21.7997,'2016-02-26',0.6,42.2042,'',0,'2016-02-26',4,26.3776,5,'TRA3116',0,12,0,1.21,0,0,1),(7755,'Llave combinada 20mm Tramontina','',200125,'unidad',28.6838,'2016-02-26',0.6,55.5319,'',0,'2016-02-26',3,34.7075,5,'TRA3120',0,12,0,1.21,0,0,1),(7756,'Llave combinada 21mm Tramontina','7891114009354',200126,'unidad',32.214,'2016-02-26',0.6,62.3663,'',0,'2016-02-26',2,38.9789,5,'TRA3121',0,12,0,1.21,0,0,1),(7757,'Mecha acero rápido 2mm','',200127,'unidad',12.82,'2016-02-26',0.6,24.8195,'',0,'2016-02-26',10,15.5122,5,'MDO2',0,12,0,1.21,0,0,0),(7758,'Mecha acero rápido 2.5mm','',200128,'unidad',12.8232,'2016-02-26',0.6,24.8257,'',0,'2016-02-26',10,15.5161,5,'MDO250',0,12,0,1.21,0,0,1),(7759,'Mecha acero rápido 3mm','',200129,'unidad',21.9843,'2016-02-26',0.6,42.5616,'',0,'2016-02-26',10,26.601,5,'MDO3',0,12,0,1.21,0,0,0),(7760,'Mecha acero rápido 3.5mm','',200130,'unidad',25.6457,'2016-02-26',0.6,49.6501,'',0,'2016-02-26',10,31.0313,5,'MDO350',0,12,0,1.21,0,0,0),(7761,'Mecha acero rápido 6mm','',200131,'unidad',25.6861,'2016-02-26',0.6,49.7282,'',0,'2016-02-26',10,31.0801,5,'MDO4',0,12,0,1.21,0,0,0),(7762,'Mecha acero rápido 4.5mm','',200132,'unidad',29.3078,'2016-02-26',0.6,56.74,'',0,'2016-02-26',10,35.4625,5,'MDO450',0,12,0,1.21,0,0,1),(7763,'Mecha acero rápido 5mm','',200133,'unidad',31.1324,'2016-02-26',0.6,60.2723,'',0,'2016-02-26',10,37.6702,5,'MDO5',0,12,0,1.21,0,0,1),(7764,'Mecha acero rápido 5.5mm','',200134,'unidad',34.847,'2016-02-26',0.6,67.4638,'',0,'2016-02-26',10,42.1649,5,'MDO550',0,12,0,1.21,0,0,0);
/*!40000 ALTER TABLE `items` ENABLE KEYS */;
UNLOCK TABLES;

--
-- Table structure for table `proveedores`
--

DROP TABLE IF EXISTS `proveedores`;
/*!40101 SET @saved_cs_client     = @@character_set_client */;
/*!40101 SET character_set_client = utf8 */;
CREATE TABLE `proveedores` (
  `proveedor_id` int(11) NOT NULL AUTO_INCREMENT,
  `nombre` varchar(200) DEFAULT NULL,
  `fecha` date DEFAULT NULL,
  `deuda` int(11) DEFAULT NULL,
  `direccion` varchar(200) DEFAULT NULL,
  `contacto` varchar(200) DEFAULT NULL,
  `telefono` varchar(200) DEFAULT NULL,
  `comentario` varchar(2000) DEFAULT NULL,
  PRIMARY KEY (`proveedor_id`)
) ENGINE=InnoDB AUTO_INCREMENT=13 DEFAULT CHARSET=latin1;
/*!40101 SET character_set_client = @saved_cs_client */;

--
-- Dumping data for table `proveedores`
--

LOCK TABLES `proveedores` WRITE;
/*!40000 ALTER TABLE `proveedores` DISABLE KEYS */;
INSERT INTO `proveedores` VALUES (1,'Hilal Hnos.','2014-01-01',NULL,'Aimogasta',NULL,'Tel aimogasta negocio 03827-15655209, Empresa 03827-420149 Eliana','dueño José'),(2,'Easy','2014-01-01',NULL,NULL,NULL,NULL,NULL),(3,'Electrotucumán','2014-01-01',NULL,'Sarmiento entre Talcahuano y Uruguay','Marcelo Sanpaolo','011-4371-6288','Para hacer pedido escribir a electrotucuman@electrotucuman.com.ar, en asunto poner Atención Marcelo Sanpaolo pedido para Gerardo Suarez, adjuntar el pedido y especificar que es fax para Ricardo 15%'),(4,'Dypack','2014-01-01',NULL,'Av. Mosconi 2361, CABA',NULL,'011-45715003',NULL),(5,'Envases Mendoza','2014-01-01',NULL,'Allayme 324, San José, Guaymallén, Mendoza','Néstor','celular: 0261155889592, negocio: 02614325620',NULL),(6,'CADEA','2014-01-01',NULL,'Rodeo de la Cruz, Mendoza','Marcos vendedor, Carlos Agrónomo (colo)','tel: 02614910168',NULL),(7,'Dismacon, Percal S.A.','2014-01-01',NULL,'Gomensoro 3395 - Villa Nueva, Guaymallén, Mendoza','','tel: 02614268668',NULL),(8,'OFME','2014-01-01',NULL,'Panamericana 3275, Godoy Cruz, Mendoza','','',NULL),(9,'SommierCenter','2016-02-18',NULL,'Constituyentes, CABA','Diego','',NULL),(10,'ODARLUZ S.A.','2014-01-01',NULL,'Sarmiento 1258, CABA','','011-43826026',NULL),(11,'Malí y Cia. S.A.','2015-03-01',NULL,'Av. Jujuy 1364, CABA','011-43082489','',NULL),(12,'Casa Loureiro','2014-01-01',NULL,'CABA','Dueño: Sergio, Cobradora: Silvia, Telefonista: Gladis, Facundo, Daniela','',NULL);
/*!40000 ALTER TABLE `proveedores` ENABLE KEYS */;
UNLOCK TABLES;

--
-- Table structure for table `ventas`
--

DROP TABLE IF EXISTS `ventas`;
/*!40101 SET @saved_cs_client     = @@character_set_client */;
/*!40101 SET character_set_client = utf8 */;
CREATE TABLE `ventas` (
  `venta_id` int(11) NOT NULL AUTO_INCREMENT,
  `item_id` int(11) DEFAULT NULL,
  `valor_venta` int(11) DEFAULT NULL,
  `fecha` date DEFAULT NULL,
  `cantidad` int(11) DEFAULT NULL,
  `vendedor` varchar(100) DEFAULT NULL,
  `fiado` tinyint(1) DEFAULT NULL,
  `cliente_id` int(11) DEFAULT NULL,
  PRIMARY KEY (`venta_id`)
) ENGINE=InnoDB AUTO_INCREMENT=6280 DEFAULT CHARSET=latin1;
/*!40101 SET character_set_client = @saved_cs_client */;

--
-- Dumping data for table `ventas`
--

LOCK TABLES `ventas` WRITE;
/*!40000 ALTER TABLE `ventas` DISABLE KEYS */;
INSERT INTO `ventas` VALUES (5060,5951,6,'2015-09-07',4,NULL,NULL,NULL),(5061,5844,48,'2015-09-07',1,NULL,NULL,NULL),(5062,6004,19,'2015-09-07',1,NULL,NULL,NULL),(5063,6318,140,'2015-09-07',1,NULL,NULL,NULL),(5064,6324,18,'2015-09-07',1,NULL,NULL,NULL),(5065,6332,15,'2015-09-07',1,NULL,NULL,NULL),(5066,6550,26,'2015-09-08',1,NULL,NULL,NULL),(5067,6444,76,'2015-09-08',2,NULL,NULL,NULL),(5068,5614,7,'2015-09-09',1,NULL,NULL,NULL),(5069,5666,146,'2015-09-09',1,NULL,NULL,NULL),(5070,6447,2,'2015-09-09',1,NULL,NULL,NULL),(5071,6467,3,'2015-09-09',1,NULL,NULL,NULL),(5072,6372,815,'2015-09-09',50,NULL,NULL,NULL),(5073,6373,889,'2015-09-09',50,NULL,NULL,NULL),(5074,5648,13,'2015-09-09',2,NULL,NULL,NULL),(5075,5646,6,'2015-09-09',2,NULL,NULL,NULL),(5076,6401,22,'2015-09-10',2,NULL,NULL,NULL),(5077,6434,10,'2015-09-10',1,NULL,NULL,NULL),(5078,5762,28,'2015-09-11',1,NULL,NULL,NULL),(5079,6002,24,'2015-09-11',1,NULL,NULL,NULL),(5080,5757,31,'2015-09-11',1,NULL,NULL,NULL),(5081,6186,9,'2015-09-12',2,NULL,NULL,NULL),(5082,6451,19,'2015-09-12',1,NULL,NULL,NULL),(5083,5837,19,'2015-09-12',1,NULL,NULL,NULL),(5084,5539,76,'2015-09-14',2,NULL,NULL,NULL),(5085,5880,58,'2015-09-14',1,NULL,NULL,NULL),(5086,6190,19,'2015-09-14',1,NULL,NULL,NULL),(5087,5494,27,'2015-09-14',2,NULL,NULL,NULL),(5088,5504,10,'2015-09-14',1,NULL,NULL,NULL),(5089,5504,10,'2015-09-14',1,NULL,NULL,NULL),(5090,5705,56,'2015-09-14',1,NULL,NULL,NULL),(5091,5648,13,'2015-09-14',2,NULL,NULL,NULL),(5092,6324,18,'2015-09-14',1,NULL,NULL,NULL),(5093,6552,31,'2015-09-14',1,NULL,NULL,NULL),(5094,6476,22,'2015-09-14',1,NULL,NULL,NULL),(5095,6445,18,'2015-09-14',1,NULL,NULL,NULL),(5096,5856,33,'2015-09-15',1,NULL,NULL,NULL),(5097,5508,25,'2015-09-15',1,NULL,NULL,NULL),(5098,6019,56,'2015-09-15',2,NULL,NULL,NULL),(5099,6401,11,'2015-09-15',1,NULL,NULL,NULL),(5100,5794,177,'2015-09-16',1,NULL,NULL,NULL),(5101,6555,31,'2015-09-16',1,NULL,NULL,NULL),(5102,6470,3,'2015-09-16',1,NULL,NULL,NULL),(5103,5651,32,'2015-09-16',1,NULL,NULL,NULL),(5104,5648,20,'2015-09-16',3,NULL,NULL,NULL),(5105,5646,6,'2015-09-16',2,NULL,NULL,NULL),(5106,6345,328,'2015-09-16',1,NULL,NULL,NULL),(5107,5539,38,'2015-09-16',1,NULL,NULL,NULL),(5108,5844,48,'2015-09-16',1,NULL,NULL,NULL),(5109,6467,9,'2015-09-16',3,NULL,NULL,NULL),(5110,6468,6,'2015-09-16',1,NULL,NULL,NULL),(5111,6445,18,'2015-09-16',1,NULL,NULL,NULL),(5112,5989,60,'2015-09-16',1,NULL,NULL,NULL),(5113,6221,132,'2015-09-16',1,NULL,NULL,NULL),(5114,6408,7,'2015-09-18',2,NULL,NULL,NULL),(5115,6451,19,'2015-09-18',1,NULL,NULL,NULL),(5116,6436,44,'2015-09-18',5,NULL,NULL,NULL),(5117,5812,21,'2015-09-18',1,NULL,NULL,NULL),(5118,5647,22,'2015-09-18',5,NULL,NULL,NULL),(5119,5651,32,'2015-09-18',1,NULL,NULL,NULL),(5120,6512,18,'2015-09-18',1,NULL,NULL,NULL),(5121,6446,46,'2015-09-18',1,NULL,NULL,NULL),(5122,6539,28,'2015-09-18',1,NULL,NULL,NULL),(5123,6470,3,'2015-09-18',1,NULL,NULL,NULL),(5124,5757,218,'2015-09-18',7,NULL,NULL,NULL),(5125,6469,16,'2015-09-18',2,NULL,NULL,NULL),(5126,5703,37,'2015-09-18',2,NULL,NULL,NULL),(5127,5615,52,'2015-09-18',10,NULL,NULL,NULL),(5128,6234,25,'2015-09-18',1,NULL,NULL,NULL),(5129,6387,148,'2015-09-19',1,NULL,NULL,NULL),(5130,5762,84,'2015-09-21',3,NULL,NULL,NULL),(5131,5759,62,'2015-09-21',2,NULL,NULL,NULL),(5132,6445,18,'2015-09-21',1,NULL,NULL,NULL),(5133,6393,71,'2015-09-21',6,NULL,NULL,NULL),(5134,6323,40,'2015-09-21',2,NULL,NULL,NULL),(5135,5762,28,'2015-09-21',1,NULL,NULL,NULL),(5136,6493,115,'2015-09-22',1,NULL,NULL,NULL),(5137,6401,22,'2015-09-22',2,NULL,NULL,NULL),(5138,5967,96,'2015-09-22',1,NULL,NULL,NULL),(5139,6445,18,'2015-09-22',1,NULL,NULL,NULL),(5140,5744,26,'2015-09-22',1,NULL,NULL,NULL),(5141,6234,25,'2015-09-22',1,NULL,NULL,NULL),(5142,5612,10,'2015-09-23',1,NULL,NULL,NULL),(5143,6234,101,'2015-09-23',4,NULL,NULL,NULL),(5144,5879,63,'2015-09-23',1,NULL,NULL,NULL),(5145,6440,52,'2015-09-24',1,NULL,NULL,NULL),(5146,6547,19,'2015-09-24',1,NULL,NULL,NULL),(5147,5794,177,'2015-09-24',1,NULL,NULL,NULL),(5148,6405,7,'2015-09-24',1,NULL,NULL,NULL),(5149,6452,4,'2015-09-24',5,NULL,NULL,NULL),(5150,6434,10,'2015-09-24',1,NULL,NULL,NULL),(5151,5680,74,'2015-09-24',1,NULL,NULL,NULL),(5152,5648,13,'2015-09-25',2,NULL,NULL,NULL),(5153,5650,22,'2015-09-25',1,NULL,NULL,NULL),(5154,5647,9,'2015-09-25',2,NULL,NULL,NULL),(5155,6366,67,'2015-09-25',1,NULL,NULL,NULL),(5156,5837,19,'2015-09-25',1,NULL,NULL,NULL),(5157,6401,11,'2015-09-26',1,NULL,NULL,NULL),(5158,6221,132,'2015-09-26',1,NULL,NULL,NULL),(5159,6432,11,'2015-09-26',1,NULL,NULL,NULL),(5160,5757,31,'2015-09-26',1,NULL,NULL,NULL),(5161,5664,119,'2015-09-26',1,NULL,NULL,NULL),(5162,5489,9,'2015-09-28',2,NULL,NULL,NULL),(5163,5515,1,'2015-09-28',1,NULL,NULL,NULL),(5164,5762,141,'2015-09-29',5,NULL,NULL,NULL),(5165,5813,39,'2015-09-29',1,NULL,NULL,NULL),(5166,6004,19,'2015-09-29',1,NULL,NULL,NULL),(5167,6412,16,'2015-09-29',1,NULL,NULL,NULL),(5168,6408,4,'2015-09-29',1,NULL,NULL,NULL),(5169,6408,4,'2015-09-30',1,NULL,NULL,NULL),(5170,5759,124,'2015-09-30',4,NULL,NULL,NULL),(5171,5759,31,'2015-09-30',1,NULL,NULL,NULL),(5172,5812,21,'2015-09-30',1,NULL,NULL,NULL),(5173,5567,696,'2015-09-30',20,NULL,NULL,NULL),(5174,6209,70,'2015-10-01',2,NULL,NULL,NULL),(5175,6440,52,'2015-10-01',1,NULL,NULL,NULL),(5176,6448,7,'2015-10-01',5,NULL,NULL,NULL),(5177,6235,144,'2015-10-02',3,NULL,NULL,NULL),(5178,6232,58,'2015-10-02',2,NULL,NULL,NULL),(5179,6238,19,'2015-10-03',1,NULL,NULL,NULL),(5180,5647,18,'2015-10-05',4,NULL,NULL,NULL),(5181,5648,13,'2015-10-05',2,NULL,NULL,NULL),(5182,5757,31,'2015-10-05',1,NULL,NULL,NULL),(5183,6228,20,'2015-10-05',1,NULL,NULL,NULL),(5184,6440,52,'2015-10-05',1,NULL,NULL,NULL),(5185,5909,61,'2015-10-06',1,NULL,NULL,NULL),(5186,5539,38,'2015-10-06',1,NULL,NULL,NULL),(5187,6368,58,'2015-10-06',1,NULL,NULL,NULL),(5188,5539,38,'2015-10-06',1,NULL,NULL,NULL),(5189,6237,39,'2015-10-06',1,NULL,NULL,NULL),(5190,5856,33,'2015-10-06',1,NULL,NULL,NULL),(5191,5539,38,'2015-10-06',1,NULL,NULL,NULL),(5192,5773,156,'2015-10-06',21,NULL,NULL,NULL),(5193,5629,3,'2015-10-06',2,NULL,NULL,NULL),(5194,5623,521,'2015-10-06',4,NULL,NULL,NULL),(5195,5558,106,'2015-10-07',1,NULL,NULL,NULL),(5196,5559,20,'2015-10-07',1,NULL,NULL,NULL),(5197,5736,22,'2015-10-07',1,NULL,NULL,NULL),(5198,5757,31,'2015-10-07',1,NULL,NULL,NULL),(5199,6539,28,'2015-10-07',1,NULL,NULL,NULL),(5200,6444,76,'2015-10-10',2,NULL,NULL,NULL),(5201,6474,30,'2015-10-10',1,NULL,NULL,NULL),(5202,6557,59,'2015-10-10',1,NULL,NULL,NULL),(5203,5717,122,'2015-10-10',3,NULL,NULL,NULL),(5204,6433,10,'2015-10-12',2,NULL,NULL,NULL),(5205,5837,19,'2015-10-12',1,NULL,NULL,NULL),(5206,5666,146,'2015-10-12',1,NULL,NULL,NULL),(5207,5812,21,'2015-10-13',1,NULL,NULL,NULL),(5208,5682,16,'2015-10-13',1,NULL,NULL,NULL),(5209,5837,19,'2015-10-13',1,NULL,NULL,NULL),(5210,6372,65,'2015-10-13',4,NULL,NULL,NULL),(5211,6228,40,'2015-10-14',2,NULL,NULL,NULL),(5212,6227,33,'2015-10-14',1,NULL,NULL,NULL),(5213,6439,39,'2015-10-14',1,NULL,NULL,NULL),(5214,5633,63,'2015-10-14',1,NULL,NULL,NULL),(5215,5672,136,'2015-10-14',1,NULL,NULL,NULL),(5216,5709,36,'2015-10-14',3,NULL,NULL,NULL),(5217,5711,27,'2015-10-14',3,NULL,NULL,NULL),(5218,5908,24,'2015-10-15',1,NULL,NULL,NULL),(5219,5539,38,'2015-10-15',1,NULL,NULL,NULL),(5220,6321,38,'2015-10-15',1,NULL,NULL,NULL),(5221,6462,333,'2015-10-15',2,NULL,NULL,NULL),(5222,5758,31,'2015-10-15',1,NULL,NULL,NULL),(5223,6521,39,'2015-10-15',1,NULL,NULL,NULL),(5224,5759,31,'2015-10-15',1,NULL,NULL,NULL),(5225,5649,19,'2015-10-17',2,NULL,NULL,NULL),(5226,5650,22,'2015-10-17',1,NULL,NULL,NULL),(5227,6492,60,'2015-10-17',1,NULL,NULL,NULL),(5228,6447,7,'2015-10-17',3,NULL,NULL,NULL),(5229,5680,148,'2015-10-17',2,NULL,NULL,NULL),(5230,6398,88,'2015-10-17',1,NULL,NULL,NULL),(5231,6512,18,'2015-10-19',1,NULL,NULL,NULL),(5232,6324,107,'2015-10-19',6,NULL,NULL,NULL),(5233,6227,33,'2015-10-19',1,NULL,NULL,NULL),(5234,5680,74,'2015-10-19',1,NULL,NULL,NULL),(5235,6516,67,'2015-10-19',1,NULL,NULL,NULL),(5236,6538,28,'2015-10-19',1,NULL,NULL,NULL),(5237,6553,36,'2015-10-19',1,NULL,NULL,NULL),(5238,6509,52,'2015-10-19',1,NULL,NULL,NULL),(5239,6241,19,'2015-10-19',1,NULL,NULL,NULL),(5240,6366,67,'2015-10-20',1,NULL,NULL,NULL),(5241,6433,5,'2015-10-20',1,NULL,NULL,NULL),(5242,5856,33,'2015-10-20',1,NULL,NULL,NULL),(5243,5908,47,'2015-10-20',1,NULL,NULL,NULL),(5244,6232,58,'2015-10-20',2,NULL,NULL,NULL),(5245,6445,18,'2015-10-20',1,NULL,NULL,NULL),(5246,6454,29,'2015-10-21',1,NULL,NULL,NULL),(5247,6452,1,'2015-10-21',1,NULL,NULL,NULL),(5248,6367,138,'2015-10-21',1,NULL,NULL,NULL),(5249,5680,74,'2015-10-21',1,NULL,NULL,NULL),(5250,6405,7,'2015-10-21',1,NULL,NULL,NULL),(5251,5759,31,'2015-10-21',1,NULL,NULL,NULL),(5252,5559,20,'2015-10-21',1,NULL,NULL,NULL),(5253,5651,32,'2015-10-21',1,NULL,NULL,NULL),(5254,6366,67,'2015-10-21',1,NULL,NULL,NULL),(5255,5489,4,'2015-10-21',1,NULL,NULL,NULL),(5256,6405,7,'2015-10-21',1,NULL,NULL,NULL),(5257,5504,10,'2015-10-22',1,NULL,NULL,NULL),(5258,5749,96,'2015-10-22',3,NULL,NULL,NULL),(5259,5587,16,'2015-10-22',1,NULL,NULL,NULL),(5260,6190,19,'2015-10-22',1,NULL,NULL,NULL),(5261,6136,99,'2015-10-22',2,NULL,NULL,NULL),(5262,5744,26,'2015-10-22',1,NULL,NULL,NULL),(5263,5759,124,'2015-10-22',4,NULL,NULL,NULL),(5264,6250,37,'2015-10-22',2,NULL,NULL,NULL),(5265,6323,60,'2015-10-22',3,NULL,NULL,NULL),(5266,5758,31,'2015-10-23',1,NULL,NULL,NULL),(5267,5709,12,'2015-10-23',1,NULL,NULL,NULL),(5268,5711,9,'2015-10-23',1,NULL,NULL,NULL),(5269,5713,52,'2015-10-23',1,NULL,NULL,NULL),(5270,5715,23,'2015-10-23',1,NULL,NULL,NULL),(5271,6439,79,'2015-10-23',2,NULL,NULL,NULL),(5272,6443,38,'2015-10-23',1,NULL,NULL,NULL),(5273,6440,52,'2015-10-23',1,NULL,NULL,NULL),(5274,5856,33,'2015-10-23',1,NULL,NULL,NULL),(5275,6439,39,'2015-10-23',1,NULL,NULL,NULL),(5276,6442,38,'2015-10-23',1,NULL,NULL,NULL),(5277,6440,52,'2015-10-23',1,NULL,NULL,NULL),(5278,6475,48,'2015-10-24',1,NULL,NULL,NULL),(5279,6334,130,'2015-10-24',1,NULL,NULL,NULL),(5280,6539,28,'2015-10-24',1,NULL,NULL,NULL),(5281,6002,24,'2015-10-24',1,NULL,NULL,NULL),(5282,6323,20,'2015-10-26',1,NULL,NULL,NULL),(5283,6233,19,'2015-10-26',2,NULL,NULL,NULL),(5284,6475,48,'2015-10-26',1,NULL,NULL,NULL),(5285,6237,39,'2015-10-27',1,NULL,NULL,NULL),(5286,6234,25,'2015-10-27',1,NULL,NULL,NULL),(5287,5697,67,'2015-10-27',1,NULL,NULL,NULL),(5288,6019,169,'2015-10-27',6,NULL,NULL,NULL),(5289,5682,16,'2015-10-28',1,NULL,NULL,NULL),(5290,6433,5,'2015-10-28',1,NULL,NULL,NULL),(5291,6438,42,'2015-10-28',1,NULL,NULL,NULL),(5292,5813,39,'2015-10-28',1,NULL,NULL,NULL),(5293,5647,18,'2015-10-29',4,NULL,NULL,NULL),(5294,5648,13,'2015-10-29',2,NULL,NULL,NULL),(5295,5650,22,'2015-10-29',1,NULL,NULL,NULL),(5296,6252,19,'2015-10-29',1,NULL,NULL,NULL),(5297,5758,31,'2015-10-29',1,NULL,NULL,NULL),(5298,5720,7,'2015-10-30',1,NULL,NULL,NULL),(5299,6538,28,'2015-10-30',1,NULL,NULL,NULL),(5300,5549,193,'2015-10-30',2,NULL,NULL,NULL),(5301,5622,130,'2015-10-30',1,NULL,NULL,NULL),(5302,6444,76,'2015-10-30',2,NULL,NULL,NULL),(5303,6250,56,'2015-10-30',3,NULL,NULL,NULL),(5304,5549,96,'2015-11-01',1,NULL,NULL,NULL),(5305,5558,106,'2015-11-01',1,NULL,NULL,NULL),(5306,5540,35,'2015-11-03',1,NULL,NULL,NULL),(5307,6367,138,'2015-11-03',1,NULL,NULL,NULL),(5308,5549,96,'2015-11-04',1,NULL,NULL,NULL),(5309,5812,21,'2015-11-04',1,NULL,NULL,NULL),(5310,5549,193,'2015-11-04',2,NULL,NULL,NULL),(5311,6020,338,'2015-11-05',12,NULL,NULL,NULL),(5312,6233,10,'2015-11-05',1,NULL,NULL,NULL),(5313,6232,87,'2015-11-06',3,NULL,NULL,NULL),(5314,5613,74,'2015-11-06',10,NULL,NULL,NULL),(5315,6371,71,'2015-11-06',4,NULL,NULL,NULL),(5316,6445,18,'2015-11-06',1,NULL,NULL,NULL),(5317,5747,76,'2015-11-07',2,NULL,NULL,NULL),(5318,5757,62,'2015-11-07',2,NULL,NULL,NULL),(5319,5540,52,'2015-11-07',2,NULL,NULL,NULL),(5320,5680,74,'2015-11-07',1,NULL,NULL,NULL),(5321,5815,30,'2015-11-07',1,NULL,NULL,NULL),(5322,5758,31,'2015-11-07',1,NULL,NULL,NULL),(5323,6019,169,'2015-11-09',6,NULL,NULL,NULL),(5324,6250,19,'2015-11-09',1,NULL,NULL,NULL),(5325,5549,385,'2015-11-09',4,NULL,NULL,NULL),(5326,6467,6,'2015-11-09',2,NULL,NULL,NULL),(5327,6467,6,'2015-11-09',2,NULL,NULL,NULL),(5328,6448,1,'2015-11-09',1,NULL,NULL,NULL),(5329,5677,141,'2015-11-09',1,NULL,NULL,NULL),(5330,5857,58,'2015-11-09',1,NULL,NULL,NULL),(5331,5677,141,'2015-11-09',1,NULL,NULL,NULL),(5332,6471,19,'2015-11-09',2,NULL,NULL,NULL),(5333,5680,74,'2015-11-09',1,NULL,NULL,NULL),(5334,6372,49,'2015-11-09',3,NULL,NULL,NULL),(5335,5618,33,'2015-11-09',5,NULL,NULL,NULL),(5336,5549,96,'2015-11-09',1,NULL,NULL,NULL),(5337,5551,104,'2015-11-09',2,NULL,NULL,NULL),(5338,6409,11,'2015-11-10',3,NULL,NULL,NULL),(5339,5837,19,'2015-11-10',1,NULL,NULL,NULL),(5340,6366,67,'2015-11-11',1,NULL,NULL,NULL),(5341,5539,38,'2015-11-11',1,NULL,NULL,NULL),(5342,5504,10,'2015-11-11',1,NULL,NULL,NULL),(5343,5549,96,'2015-11-11',1,NULL,NULL,NULL),(5344,6138,21,'2015-11-11',1,NULL,NULL,NULL),(5345,5680,148,'2015-11-11',2,NULL,NULL,NULL),(5346,5672,136,'2015-11-11',1,NULL,NULL,NULL),(5347,5651,32,'2015-11-12',1,NULL,NULL,NULL),(5348,5682,16,'2015-11-12',1,NULL,NULL,NULL),(5349,5757,31,'2015-11-12',1,NULL,NULL,NULL),(5350,5504,10,'2015-11-12',1,NULL,NULL,NULL),(5351,5651,32,'2015-11-12',1,NULL,NULL,NULL),(5352,6235,48,'2015-11-12',1,NULL,NULL,NULL),(5353,5880,58,'2015-11-13',1,NULL,NULL,NULL),(5354,5744,26,'2015-11-13',1,NULL,NULL,NULL),(5355,5849,26,'2015-11-13',1,NULL,NULL,NULL),(5356,5806,96,'2015-11-13',1,NULL,NULL,NULL),(5357,5648,40,'2015-11-13',6,NULL,NULL,NULL),(5358,6228,80,'2015-11-13',4,NULL,NULL,NULL),(5359,6002,24,'2015-11-13',1,NULL,NULL,NULL),(5360,6539,28,'2015-11-14',1,NULL,NULL,NULL),(5361,6538,28,'2015-11-14',1,NULL,NULL,NULL),(5362,6496,39,'2015-11-14',1,NULL,NULL,NULL),(5363,6500,96,'2015-11-14',1,NULL,NULL,NULL),(5364,6507,53,'2015-11-14',1,NULL,NULL,NULL),(5365,6408,4,'2015-11-14',1,NULL,NULL,NULL),(5366,6407,1,'2015-11-14',1,NULL,NULL,NULL),(5367,6372,815,'2015-11-16',50,NULL,NULL,NULL),(5368,6221,264,'2015-11-16',2,NULL,NULL,NULL),(5369,6538,28,'2015-11-16',1,NULL,NULL,NULL),(5370,5648,20,'2015-11-16',3,NULL,NULL,NULL),(5371,6196,109,'2015-11-16',1,NULL,NULL,NULL),(5372,5681,90,'2015-11-16',1,NULL,NULL,NULL),(5373,5757,31,'2015-11-17',1,NULL,NULL,NULL),(5374,5549,193,'2015-11-17',2,NULL,NULL,NULL),(5375,6434,21,'2015-11-17',2,NULL,NULL,NULL),(5376,6434,10,'2015-11-18',1,NULL,NULL,NULL),(5377,5614,13,'2015-11-18',2,NULL,NULL,NULL),(5378,5613,7,'2015-11-18',1,NULL,NULL,NULL),(5379,5615,5,'2015-11-18',1,NULL,NULL,NULL),(5380,6328,47,'2015-11-18',1,NULL,NULL,NULL),(5381,5613,37,'2015-11-18',5,NULL,NULL,NULL),(5382,5736,22,'2015-11-18',1,NULL,NULL,NULL),(5383,6252,19,'2015-11-18',1,NULL,NULL,NULL),(5384,5758,62,'2015-11-18',2,NULL,NULL,NULL),(5385,5495,24,'2015-11-18',1,NULL,NULL,NULL),(5386,6250,37,'2015-11-19',2,NULL,NULL,NULL),(5387,5489,4,'2015-11-19',1,NULL,NULL,NULL),(5388,6234,50,'2015-11-19',2,NULL,NULL,NULL),(5389,6232,58,'2015-11-20',2,NULL,NULL,NULL),(5390,5614,20,'2015-11-20',3,NULL,NULL,NULL),(5391,5539,38,'2015-11-20',1,NULL,NULL,NULL),(5392,6538,28,'2015-11-20',1,NULL,NULL,NULL),(5393,6228,20,'2015-11-20',1,NULL,NULL,NULL),(5394,5856,33,'2015-11-20',1,NULL,NULL,NULL),(5395,6323,20,'2015-11-20',1,NULL,NULL,NULL),(5396,5838,104,'2015-11-20',2,NULL,NULL,NULL),(5397,5680,74,'2014-11-21',1,NULL,NULL,NULL),(5398,6002,49,'2014-11-21',2,NULL,NULL,NULL),(5399,5666,146,'2014-11-21',1,NULL,NULL,NULL),(5400,5757,31,'2014-11-21',1,NULL,NULL,NULL),(5401,6236,249,'2015-11-23',4,NULL,NULL,NULL),(5402,6411,7,'2015-11-23',1,NULL,NULL,NULL),(5403,6448,9,'2015-11-23',6,NULL,NULL,NULL),(5404,6234,50,'2015-11-23',2,NULL,NULL,NULL),(5405,6228,20,'2015-11-23',1,NULL,NULL,NULL),(5406,5539,302,'2015-11-24',8,NULL,NULL,NULL),(5407,6546,39,'2015-11-24',1,NULL,NULL,NULL),(5408,6446,46,'2015-11-24',1,NULL,NULL,NULL),(5409,6348,76,'2015-11-24',1,NULL,NULL,NULL),(5410,6401,33,'2015-11-25',3,NULL,NULL,NULL),(5411,6434,21,'2015-11-25',2,NULL,NULL,NULL),(5412,6435,15,'2015-11-25',1,NULL,NULL,NULL),(5413,6469,16,'2015-11-25',2,NULL,NULL,NULL),(5414,6445,18,'2015-11-26',1,NULL,NULL,NULL),(5415,6470,9,'2015-11-26',3,NULL,NULL,NULL),(5416,6445,36,'2015-11-26',2,NULL,NULL,NULL),(5417,6447,11,'2015-11-26',5,NULL,NULL,NULL),(5418,6467,12,'2015-11-26',4,NULL,NULL,NULL),(5419,6470,3,'2015-11-26',1,NULL,NULL,NULL),(5420,6535,251,'2015-11-26',1,NULL,NULL,NULL),(5421,6435,44,'2015-11-27',3,NULL,NULL,NULL),(5422,6434,21,'2015-11-27',2,NULL,NULL,NULL),(5423,5514,16,'2015-11-28',7,NULL,NULL,NULL),(5424,6002,24,'2015-11-28',1,NULL,NULL,NULL),(5425,5539,38,'2015-11-30',1,NULL,NULL,NULL),(5426,5856,33,'2015-11-30',1,NULL,NULL,NULL),(5427,5648,20,'2015-11-30',3,NULL,NULL,NULL),(5428,5682,16,'2015-12-01',1,NULL,NULL,NULL),(5429,6249,72,'2015-12-01',1,NULL,NULL,NULL),(5430,5502,34,'2015-12-01',1,NULL,NULL,NULL),(5431,6511,37,'2015-12-01',1,NULL,NULL,NULL),(5432,6409,37,'2015-12-02',10,NULL,NULL,NULL),(5433,5534,5,'2015-12-02',1,NULL,NULL,NULL),(5434,6461,61,'2015-12-02',1,NULL,NULL,NULL),(5435,5908,47,'2015-12-02',1,NULL,NULL,NULL),(5436,5539,38,'2015-12-02',1,NULL,NULL,NULL),(5437,5736,22,'2015-12-03',1,NULL,NULL,NULL),(5438,5737,18,'2015-12-03',1,NULL,NULL,NULL),(5439,6401,11,'2015-12-03',1,NULL,NULL,NULL),(5440,6539,28,'2015-12-03',1,NULL,NULL,NULL),(5441,6486,67,'2015-12-03',1,NULL,NULL,NULL),(5442,6228,40,'2015-12-03',2,NULL,NULL,NULL),(5443,6232,29,'2015-12-03',1,NULL,NULL,NULL),(5444,5746,38,'2015-12-03',1,NULL,NULL,NULL),(5445,6552,31,'2015-12-03',1,NULL,NULL,NULL),(5446,6445,18,'2015-12-03',1,NULL,NULL,NULL),(5447,5614,7,'2015-12-03',1,NULL,NULL,NULL),(5448,6537,29,'2015-12-03',1,NULL,NULL,NULL),(5449,6552,31,'2015-12-03',1,NULL,NULL,NULL),(5450,6538,28,'2015-12-03',1,NULL,NULL,NULL),(5451,6327,140,'2015-12-03',1,NULL,NULL,NULL),(5452,6222,401,'2015-12-03',2,NULL,NULL,NULL),(5453,6443,38,'2015-12-03',1,NULL,NULL,NULL),(5454,6401,22,'2015-12-03',2,NULL,NULL,NULL),(5455,6512,18,'2015-12-03',1,NULL,NULL,NULL),(5456,5758,31,'2015-12-05',1,NULL,NULL,NULL),(5457,5924,57,'2015-12-05',1,NULL,NULL,NULL),(5458,5758,62,'2015-12-05',2,NULL,NULL,NULL),(5459,6079,10,'2015-12-07',2,NULL,NULL,NULL),(5460,6467,9,'2015-12-07',3,NULL,NULL,NULL),(5461,6082,11,'2015-12-07',1,NULL,NULL,NULL),(5462,5705,56,'2015-12-07',1,NULL,NULL,NULL),(5463,5587,16,'2015-12-08',1,NULL,NULL,NULL),(5464,5952,11,'2015-12-08',5,NULL,NULL,NULL),(5465,6234,50,'2015-12-09',2,NULL,NULL,NULL),(5466,5745,33,'2015-12-09',1,NULL,NULL,NULL),(5467,5559,40,'2015-12-11',2,NULL,NULL,NULL),(5468,6019,28,'2015-12-11',1,NULL,NULL,NULL),(5469,6313,28,'2015-12-11',1,NULL,NULL,NULL),(5470,6478,120,'2015-12-11',1,NULL,NULL,NULL),(5471,6232,58,'2015-12-13',2,NULL,NULL,NULL),(5472,5567,174,'2015-12-13',5,NULL,NULL,NULL),(5473,6236,187,'2015-12-14',3,NULL,NULL,NULL),(5474,6152,12,'2015-12-14',2,NULL,NULL,NULL),(5475,6434,10,'2015-12-14',1,NULL,NULL,NULL),(5476,5837,19,'2015-12-14',1,NULL,NULL,NULL),(5477,5612,19,'2015-12-14',2,NULL,NULL,NULL),(5478,6326,33,'2015-12-14',1,NULL,NULL,NULL),(5479,6401,11,'2015-12-14',1,NULL,NULL,NULL),(5480,6433,5,'2015-12-14',1,NULL,NULL,NULL),(5481,6448,7,'2015-12-14',5,NULL,NULL,NULL),(5482,6452,7,'2015-12-14',9,NULL,NULL,NULL),(5483,6455,6,'2015-12-14',1,NULL,NULL,NULL),(5484,6304,50,'2015-12-15',2,NULL,NULL,NULL),(5485,5705,56,'2015-12-15',1,NULL,NULL,NULL),(5486,5922,163,'2015-12-15',5,NULL,NULL,NULL),(5487,6443,38,'2015-12-15',1,NULL,NULL,NULL),(5488,6452,3,'2015-12-15',4,NULL,NULL,NULL),(5489,6324,18,'2015-12-15',1,NULL,NULL,NULL),(5490,6506,73,'2015-12-16',1,NULL,NULL,NULL),(5491,5948,6,'2015-12-16',4,NULL,NULL,NULL),(5492,5757,31,'2015-12-16',1,NULL,NULL,NULL),(5493,6228,60,'2015-12-16',3,NULL,NULL,NULL),(5494,6173,15,'2015-12-16',2,NULL,NULL,NULL),(5495,6170,9,'2015-12-16',2,NULL,NULL,NULL),(5496,6175,4,'2015-12-16',1,NULL,NULL,NULL),(5497,5736,22,'2015-12-18',1,NULL,NULL,NULL),(5498,6017,91,'2015-12-18',1,NULL,NULL,NULL),(5499,6136,50,'2015-12-18',1,NULL,NULL,NULL),(5500,6234,76,'2015-12-21',3,NULL,NULL,NULL),(5501,5658,128,'2015-12-22',1,NULL,NULL,NULL),(5502,6010,91,'2015-12-22',1,NULL,NULL,NULL),(5503,6079,5,'2015-12-22',1,NULL,NULL,NULL),(5504,6233,48,'2015-12-22',5,NULL,NULL,NULL),(5505,6208,31,'2015-12-22',1,NULL,NULL,NULL),(5506,5727,63,'2015-12-22',5,NULL,NULL,NULL),(5507,5736,22,'2015-12-22',1,NULL,NULL,NULL),(5508,5763,417,'2015-12-22',1,NULL,NULL,NULL),(5509,5580,35,'2015-12-23',1,NULL,NULL,NULL),(5510,5702,61,'2015-12-23',1,NULL,NULL,NULL),(5511,6471,10,'2015-12-23',1,NULL,NULL,NULL),(5512,6437,25,'2015-12-24',1,NULL,NULL,NULL),(5513,6438,42,'2015-12-24',1,NULL,NULL,NULL),(5514,6444,38,'2015-12-24',1,NULL,NULL,NULL),(5515,6319,12,'2015-12-24',1,NULL,NULL,NULL),(5516,6034,70,'2015-12-24',1,NULL,NULL,NULL),(5517,6540,28,'2015-12-24',1,NULL,NULL,NULL),(5518,6322,11,'2015-12-24',1,NULL,NULL,NULL),(5519,6233,29,'2015-12-24',3,NULL,NULL,NULL),(5520,6233,19,'2015-12-24',2,NULL,NULL,NULL),(5521,6236,124,'2015-12-24',2,NULL,NULL,NULL),(5522,5686,61,'2015-12-26',1,NULL,NULL,NULL),(5523,6240,19,'2015-12-26',1,NULL,NULL,NULL),(5524,5648,13,'2015-12-28',2,NULL,NULL,NULL),(5525,6235,96,'2015-12-28',2,NULL,NULL,NULL),(5526,6001,59,'2015-12-29',1,NULL,NULL,NULL),(5527,6552,31,'2015-12-29',1,NULL,NULL,NULL),(5528,5561,35,'2015-12-29',1,NULL,NULL,NULL),(5529,5746,38,'2015-12-29',1,NULL,NULL,NULL),(5530,6557,59,'2015-12-29',1,NULL,NULL,NULL),(5531,5649,39,'2015-12-29',4,NULL,NULL,NULL),(5532,5648,27,'2015-12-29',4,NULL,NULL,NULL),(5533,5539,38,'2015-12-30',1,NULL,NULL,NULL),(5534,6372,33,'2015-12-30',2,NULL,NULL,NULL),(5535,5758,31,'2015-12-30',1,NULL,NULL,NULL),(5536,6538,28,'2015-12-30',1,NULL,NULL,NULL),(5537,5757,31,'2015-12-30',1,NULL,NULL,NULL),(5538,5649,29,'2015-12-30',3,NULL,NULL,NULL),(5539,5967,96,'2016-01-02',1,NULL,NULL,NULL),(5540,6555,31,'2016-01-02',1,NULL,NULL,NULL),(5541,5682,16,'2016-01-04',1,NULL,NULL,NULL),(5542,5549,385,'2016-01-04',4,NULL,NULL,NULL),(5543,5730,96,'2016-01-04',10,NULL,NULL,NULL),(5544,5736,44,'2016-01-04',2,NULL,NULL,NULL),(5545,5618,33,'2016-01-04',5,NULL,NULL,NULL),(5546,5489,4,'2016-01-05',1,NULL,NULL,NULL),(5547,6334,130,'2016-01-05',1,NULL,NULL,NULL),(5548,6063,27,'2016-01-05',1,NULL,NULL,NULL),(5549,6056,81,'2016-01-05',1,NULL,NULL,NULL),(5550,6448,9,'2016-01-05',6,NULL,NULL,NULL),(5551,6440,52,'2016-01-05',1,NULL,NULL,NULL),(5552,6234,101,'2016-01-05',4,NULL,NULL,NULL),(5553,6539,28,'2016-01-07',1,NULL,NULL,NULL),(5554,5602,24,'2016-01-07',1,NULL,NULL,NULL),(5555,6191,22,'2016-01-07',1,NULL,NULL,NULL),(5556,6152,6,'2016-01-07',1,NULL,NULL,NULL),(5557,6155,5,'2016-01-07',1,NULL,NULL,NULL),(5558,5934,41,'2016-01-07',1,NULL,NULL,NULL),(5559,6187,7,'2016-01-07',1,NULL,NULL,NULL),(5560,5923,12,'2016-01-07',1,NULL,NULL,NULL),(5561,5586,18,'2016-01-07',2,NULL,NULL,NULL),(5562,6147,18,'2016-01-07',1,NULL,NULL,NULL),(5563,6173,7,'2016-01-08',1,NULL,NULL,NULL),(5564,6177,6,'2016-01-08',1,NULL,NULL,NULL),(5565,6175,4,'2016-01-08',1,NULL,NULL,NULL),(5566,5539,38,'2016-01-08',1,NULL,NULL,NULL),(5567,5540,35,'2016-01-08',1,NULL,NULL,NULL),(5568,6175,13,'2016-01-08',3,NULL,NULL,NULL),(5569,5746,38,'2016-01-08',1,NULL,NULL,NULL),(5570,6005,33,'2016-01-08',1,NULL,NULL,NULL),(5571,6153,3,'2016-01-08',1,NULL,NULL,NULL),(5572,6186,4,'2016-01-08',1,NULL,NULL,NULL),(5573,6173,7,'2016-01-08',1,NULL,NULL,NULL),(5574,6234,76,'2016-01-08',3,NULL,NULL,NULL),(5575,6446,46,'2016-01-09',1,NULL,NULL,NULL),(5576,6002,24,'2016-01-09',1,NULL,NULL,NULL),(5577,6232,58,'2016-01-09',2,NULL,NULL,NULL),(5578,6014,84,'2016-01-11',1,NULL,NULL,NULL),(5579,6175,9,'2016-01-11',2,NULL,NULL,NULL),(5580,5648,7,'2016-01-11',1,NULL,NULL,NULL),(5581,5645,2,'2016-01-11',1,NULL,NULL,NULL),(5582,6143,18,'2016-01-11',1,NULL,NULL,NULL),(5583,5584,79,'2016-01-11',1,NULL,NULL,NULL),(5584,6448,1,'2016-01-11',1,NULL,NULL,NULL),(5585,6002,24,'2016-01-11',1,NULL,NULL,NULL),(5586,5586,9,'2016-01-12',1,NULL,NULL,NULL),(5587,5597,72,'2016-01-12',1,NULL,NULL,NULL),(5588,5845,71,'2016-01-12',1,NULL,NULL,NULL),(5589,5757,31,'2016-01-13',1,NULL,NULL,NULL),(5590,5617,19,'2016-01-14',5,NULL,NULL,NULL),(5591,5615,26,'2016-01-14',5,NULL,NULL,NULL),(5592,5648,13,'2016-01-14',2,NULL,NULL,NULL),(5593,6372,33,'2016-01-14',2,NULL,NULL,NULL),(5594,6232,29,'2016-01-15',1,NULL,NULL,NULL),(5595,6231,11,'2016-01-15',1,NULL,NULL,NULL),(5596,6384,22815,'2016-01-15',200,NULL,NULL,NULL),(5597,5682,16,'2016-01-15',1,NULL,NULL,NULL),(5598,6173,22,'2016-01-16',3,NULL,NULL,NULL),(5599,6179,9,'2016-01-16',3,NULL,NULL,NULL),(5600,6186,13,'2016-01-16',3,NULL,NULL,NULL),(5601,6187,13,'2016-01-16',2,NULL,NULL,NULL),(5602,6184,22,'2016-01-16',3,NULL,NULL,NULL),(5603,6234,101,'2016-01-16',4,NULL,NULL,NULL),(5604,6234,50,'2016-01-16',2,NULL,NULL,NULL),(5605,6520,55,'2016-01-16',1,NULL,NULL,NULL),(5606,6525,45,'2016-01-16',1,NULL,NULL,NULL),(5607,6372,33,'2016-01-18',2,NULL,NULL,NULL),(5608,5952,9,'2016-01-18',4,NULL,NULL,NULL),(5609,5950,6,'2016-01-18',4,NULL,NULL,NULL),(5610,5617,15,'2016-01-18',4,NULL,NULL,NULL),(5611,5757,31,'2016-01-18',1,NULL,NULL,NULL),(5612,5757,187,'2016-01-19',6,NULL,NULL,NULL),(5613,5856,33,'2016-01-19',1,NULL,NULL,NULL),(5614,6555,31,'2016-01-19',1,NULL,NULL,NULL),(5615,5749,64,'2016-01-19',2,NULL,NULL,NULL),(5616,5757,31,'2016-01-19',1,NULL,NULL,NULL),(5617,6080,52,'2016-01-19',10,NULL,NULL,NULL),(5618,6087,22,'2016-01-19',10,NULL,NULL,NULL),(5619,5731,24,'2016-01-19',4,NULL,NULL,NULL),(5620,5730,39,'2016-01-19',4,NULL,NULL,NULL),(5621,6351,65,'2016-01-19',4,NULL,NULL,NULL),(5622,6467,9,'2016-01-19',3,NULL,NULL,NULL),(5623,5682,49,'2016-01-19',3,NULL,NULL,NULL),(5624,5749,64,'2016-01-19',2,NULL,NULL,NULL),(5625,5685,27,'2016-01-19',1,NULL,NULL,NULL),(5626,6190,74,'2016-01-21',4,NULL,NULL,NULL),(5627,6191,44,'2016-01-21',2,NULL,NULL,NULL),(5628,6173,37,'2016-01-21',5,NULL,NULL,NULL),(5629,6162,19,'2016-01-21',1,NULL,NULL,NULL),(5630,6178,9,'2016-01-21',1,NULL,NULL,NULL),(5631,5559,40,'2016-01-21',2,NULL,NULL,NULL),(5632,6166,4,'2016-01-21',1,NULL,NULL,NULL),(5633,6170,4,'2016-01-21',1,NULL,NULL,NULL),(5634,6184,7,'2016-01-21',1,NULL,NULL,NULL),(5635,6187,7,'2016-01-21',1,NULL,NULL,NULL),(5636,6092,34,'2016-01-21',1,NULL,NULL,NULL),(5637,6017,91,'2016-01-21',1,NULL,NULL,NULL),(5638,6538,56,'2016-01-21',2,NULL,NULL,NULL),(5639,6470,3,'2016-01-21',1,NULL,NULL,NULL),(5640,5856,33,'2016-01-21',1,NULL,NULL,NULL),(5641,6445,18,'2016-01-21',1,NULL,NULL,NULL),(5642,6228,20,'2016-01-21',1,NULL,NULL,NULL),(5643,5705,56,'2016-01-21',1,NULL,NULL,NULL),(5644,6438,42,'2016-01-21',1,NULL,NULL,NULL),(5645,5559,20,'2016-01-21',1,NULL,NULL,NULL),(5646,6438,42,'2016-01-21',1,NULL,NULL,NULL),(5647,6538,28,'2016-01-21',1,NULL,NULL,NULL),(5648,6230,30,'2016-01-21',1,NULL,NULL,NULL),(5649,6435,44,'2016-01-25',3,NULL,NULL,NULL),(5650,6448,9,'2016-01-25',6,NULL,NULL,NULL),(5651,5617,7,'2016-01-25',2,NULL,NULL,NULL),(5652,6445,18,'2016-01-25',1,NULL,NULL,NULL),(5653,6232,29,'2016-01-25',1,NULL,NULL,NULL),(5654,6233,10,'2016-01-25',1,NULL,NULL,NULL),(5655,5566,98,'2016-01-26',2,NULL,NULL,NULL),(5656,5837,19,'2016-01-26',1,NULL,NULL,NULL),(5657,5856,67,'2016-01-27',2,NULL,NULL,NULL),(5658,5559,20,'2016-01-27',1,NULL,NULL,NULL),(5659,5909,61,'2016-01-27',1,NULL,NULL,NULL),(5660,7023,6,'2015-09-07',4,NULL,NULL,NULL),(5661,6916,48,'2015-09-07',1,NULL,NULL,NULL),(5662,7076,19,'2015-09-07',1,NULL,NULL,NULL),(5663,7390,140,'2015-09-07',1,NULL,NULL,NULL),(5664,7396,18,'2015-09-07',1,NULL,NULL,NULL),(5665,7404,15,'2015-09-07',1,NULL,NULL,NULL),(5666,7622,26,'2015-09-08',1,NULL,NULL,NULL),(5667,7516,76,'2015-09-08',2,NULL,NULL,NULL),(5668,6686,7,'2015-09-09',1,NULL,NULL,NULL),(5669,6738,146,'2015-09-09',1,NULL,NULL,NULL),(5670,7519,2,'2015-09-09',1,NULL,NULL,NULL),(5671,7539,3,'2015-09-09',1,NULL,NULL,NULL),(5672,7444,815,'2015-09-09',50,NULL,NULL,NULL),(5673,7445,889,'2015-09-09',50,NULL,NULL,NULL),(5674,7473,22,'2015-09-10',2,NULL,NULL,NULL),(5675,7506,10,'2015-09-10',1,NULL,NULL,NULL),(5676,6834,33,'2015-09-11',1,NULL,NULL,NULL),(5677,7074,24,'2015-09-11',1,NULL,NULL,NULL),(5678,6829,31,'2015-09-11',1,NULL,NULL,NULL),(5679,7258,9,'2015-09-12',2,NULL,NULL,NULL),(5680,7523,19,'2015-09-12',1,NULL,NULL,NULL),(5681,6909,19,'2015-09-12',1,NULL,NULL,NULL),(5682,6611,76,'2015-09-14',2,NULL,NULL,NULL),(5683,6952,58,'2015-09-14',1,NULL,NULL,NULL),(5684,7262,19,'2015-09-14',1,NULL,NULL,NULL),(5685,6566,27,'2015-09-14',2,NULL,NULL,NULL),(5686,6576,10,'2015-09-14',1,NULL,NULL,NULL),(5687,6576,10,'2015-09-14',1,NULL,NULL,NULL),(5688,6777,56,'2015-09-14',1,NULL,NULL,NULL),(5689,7396,18,'2015-09-14',1,NULL,NULL,NULL),(5690,7624,31,'2015-09-14',1,NULL,NULL,NULL),(5691,7548,22,'2015-09-14',1,NULL,NULL,NULL),(5692,7517,18,'2015-09-14',1,NULL,NULL,NULL),(5693,6580,25,'2015-09-15',1,NULL,NULL,NULL),(5694,7091,56,'2015-09-15',2,NULL,NULL,NULL),(5695,7473,11,'2015-09-15',1,NULL,NULL,NULL),(5696,6866,177,'2015-09-16',1,NULL,NULL,NULL),(5697,7627,31,'2015-09-16',1,NULL,NULL,NULL),(5698,7542,3,'2015-09-16',1,NULL,NULL,NULL),(5699,6723,32,'2015-09-16',1,NULL,NULL,NULL),(5700,7417,328,'2015-09-16',1,NULL,NULL,NULL),(5701,6611,38,'2015-09-16',1,NULL,NULL,NULL),(5702,6916,48,'2015-09-16',1,NULL,NULL,NULL),(5703,7539,9,'2015-09-16',3,NULL,NULL,NULL),(5704,7540,6,'2015-09-16',1,NULL,NULL,NULL),(5705,7517,18,'2015-09-16',1,NULL,NULL,NULL),(5706,7061,60,'2015-09-16',1,NULL,NULL,NULL),(5707,7293,132,'2015-09-16',1,NULL,NULL,NULL),(5708,7480,7,'2015-09-18',2,NULL,NULL,NULL),(5709,7523,19,'2015-09-18',1,NULL,NULL,NULL),(5710,7508,44,'2015-09-18',5,NULL,NULL,NULL),(5711,6884,21,'2015-09-18',1,NULL,NULL,NULL),(5712,6723,32,'2015-09-18',1,NULL,NULL,NULL),(5713,7584,18,'2015-09-18',1,NULL,NULL,NULL),(5714,7518,46,'2015-09-18',1,NULL,NULL,NULL),(5715,7611,28,'2015-09-18',1,NULL,NULL,NULL),(5716,7542,3,'2015-09-18',1,NULL,NULL,NULL),(5717,6829,218,'2015-09-18',7,NULL,NULL,NULL),(5718,7541,16,'2015-09-18',2,NULL,NULL,NULL),(5719,6775,37,'2015-09-18',2,NULL,NULL,NULL),(5720,6687,52,'2015-09-18',10,NULL,NULL,NULL),(5721,7306,25,'2015-09-18',1,NULL,NULL,NULL),(5722,7459,148,'2015-09-19',1,NULL,NULL,NULL),(5723,7023,6,'2015-09-07',4,NULL,NULL,NULL),(5724,6916,48,'2015-09-07',1,NULL,NULL,NULL),(5725,7076,19,'2015-09-07',1,NULL,NULL,NULL),(5726,7390,140,'2015-09-07',1,NULL,NULL,NULL),(5727,7396,18,'2015-09-07',1,NULL,NULL,NULL),(5728,7404,15,'2015-09-07',1,NULL,NULL,NULL),(5729,7622,26,'2015-09-08',1,NULL,NULL,NULL),(5730,7516,76,'2015-09-08',2,NULL,NULL,NULL),(5731,6686,7,'2015-09-09',1,NULL,NULL,NULL),(5732,6738,146,'2015-09-09',1,NULL,NULL,NULL),(5733,7519,2,'2015-09-09',1,NULL,NULL,NULL),(5734,7539,3,'2015-09-09',1,NULL,NULL,NULL),(5735,7444,22815,'2015-09-09',50,NULL,NULL,NULL),(5736,7445,19185,'2015-09-09',50,NULL,NULL,NULL),(5737,7473,22,'2015-09-10',2,NULL,NULL,NULL),(5738,7506,10,'2015-09-10',1,NULL,NULL,NULL),(5739,6834,33,'2015-09-11',1,NULL,NULL,NULL),(5740,7074,24,'2015-09-11',1,NULL,NULL,NULL),(5741,6829,31,'2015-09-11',1,NULL,NULL,NULL),(5742,7258,9,'2015-09-12',2,NULL,NULL,NULL),(5743,7523,19,'2015-09-12',1,NULL,NULL,NULL),(5744,6909,19,'2015-09-12',1,NULL,NULL,NULL),(5745,6611,76,'2015-09-14',2,NULL,NULL,NULL),(5746,6952,58,'2015-09-14',1,NULL,NULL,NULL),(5747,7262,19,'2015-09-14',1,NULL,NULL,NULL),(5748,6566,27,'2015-09-14',2,NULL,NULL,NULL),(5749,6576,10,'2015-09-14',1,NULL,NULL,NULL),(5750,6576,10,'2015-09-14',1,NULL,NULL,NULL),(5751,6777,56,'2015-09-14',1,NULL,NULL,NULL),(5752,7396,18,'2015-09-14',1,NULL,NULL,NULL),(5753,7624,31,'2015-09-14',1,NULL,NULL,NULL),(5754,7548,22,'2015-09-14',1,NULL,NULL,NULL),(5755,7517,18,'2015-09-14',1,NULL,NULL,NULL),(5756,6580,25,'2015-09-15',1,NULL,NULL,NULL),(5757,7091,56,'2015-09-15',2,NULL,NULL,NULL),(5758,7473,11,'2015-09-15',1,NULL,NULL,NULL),(5759,6866,177,'2015-09-16',1,NULL,NULL,NULL),(5760,7627,31,'2015-09-16',1,NULL,NULL,NULL),(5761,7542,3,'2015-09-16',1,NULL,NULL,NULL),(5762,6723,32,'2015-09-16',1,NULL,NULL,NULL),(5763,7417,328,'2015-09-16',1,NULL,NULL,NULL),(5764,6611,38,'2015-09-16',1,NULL,NULL,NULL),(5765,6916,48,'2015-09-16',1,NULL,NULL,NULL),(5766,7539,9,'2015-09-16',3,NULL,NULL,NULL),(5767,7540,6,'2015-09-16',1,NULL,NULL,NULL),(5768,7517,18,'2015-09-16',1,NULL,NULL,NULL),(5769,7061,60,'2015-09-16',1,NULL,NULL,NULL),(5770,7293,132,'2015-09-16',1,NULL,NULL,NULL),(5771,7480,7,'2015-09-18',2,NULL,NULL,NULL),(5772,7523,19,'2015-09-18',1,NULL,NULL,NULL),(5773,7508,44,'2015-09-18',5,NULL,NULL,NULL),(5774,6884,21,'2015-09-18',1,NULL,NULL,NULL),(5775,6723,32,'2015-09-18',1,NULL,NULL,NULL),(5776,7584,18,'2015-09-18',1,NULL,NULL,NULL),(5777,7518,46,'2015-09-18',1,NULL,NULL,NULL),(5778,7611,28,'2015-09-18',1,NULL,NULL,NULL),(5779,7542,3,'2015-09-18',1,NULL,NULL,NULL),(5780,6829,218,'2015-09-18',7,NULL,NULL,NULL),(5781,7541,16,'2015-09-18',2,NULL,NULL,NULL),(5782,6775,37,'2015-09-18',2,NULL,NULL,NULL),(5783,6687,52,'2015-09-18',10,NULL,NULL,NULL),(5784,7306,25,'2015-09-18',1,NULL,NULL,NULL),(5785,7459,148,'2015-09-19',1,NULL,NULL,NULL),(5786,6834,98,'2015-09-21',3,NULL,NULL,NULL),(5787,6831,62,'2015-09-21',2,NULL,NULL,NULL),(5788,7517,18,'2015-09-21',1,NULL,NULL,NULL),(5789,7465,71,'2015-09-21',6,NULL,NULL,NULL),(5790,7395,40,'2015-09-21',2,NULL,NULL,NULL),(5791,6834,33,'2015-09-21',1,NULL,NULL,NULL),(5792,7565,115,'2015-09-22',1,NULL,NULL,NULL),(5793,7473,22,'2015-09-22',2,NULL,NULL,NULL),(5794,7039,96,'2015-09-22',1,NULL,NULL,NULL),(5795,7517,18,'2015-09-22',1,NULL,NULL,NULL),(5796,6816,26,'2015-09-22',1,NULL,NULL,NULL),(5797,7306,25,'2015-09-22',1,NULL,NULL,NULL),(5798,6684,10,'2015-09-23',1,NULL,NULL,NULL),(5799,7306,101,'2015-09-23',4,NULL,NULL,NULL),(5800,6951,63,'2015-09-23',1,NULL,NULL,NULL),(5801,7512,52,'2015-09-24',1,NULL,NULL,NULL),(5802,7619,19,'2015-09-24',1,NULL,NULL,NULL),(5803,6866,177,'2015-09-24',1,NULL,NULL,NULL),(5804,7477,7,'2015-09-24',1,NULL,NULL,NULL),(5805,7524,4,'2015-09-24',5,NULL,NULL,NULL),(5806,7506,10,'2015-09-24',1,NULL,NULL,NULL),(5807,6752,74,'2015-09-24',1,NULL,NULL,NULL),(5808,6722,22,'2015-09-25',1,NULL,NULL,NULL),(5809,7438,63,'2015-09-25',1,NULL,NULL,NULL),(5810,6909,19,'2015-09-25',1,NULL,NULL,NULL),(5811,7473,11,'2015-09-26',1,NULL,NULL,NULL),(5812,7293,132,'2015-09-26',1,NULL,NULL,NULL),(5813,7504,11,'2015-09-26',1,NULL,NULL,NULL),(5814,6829,31,'2015-09-26',1,NULL,NULL,NULL),(5815,6736,119,'2015-09-26',1,NULL,NULL,NULL),(5816,6561,9,'2015-09-28',2,NULL,NULL,NULL),(5817,6587,1,'2015-09-28',1,NULL,NULL,NULL),(5818,6834,163,'2015-09-29',5,NULL,NULL,NULL),(5819,6885,39,'2015-09-29',1,NULL,NULL,NULL),(5820,7076,19,'2015-09-29',1,NULL,NULL,NULL),(5821,7484,16,'2015-09-29',1,NULL,NULL,NULL),(5822,7480,4,'2015-09-29',1,NULL,NULL,NULL),(5823,7480,4,'2015-09-30',1,NULL,NULL,NULL),(5824,6831,124,'2015-09-30',4,NULL,NULL,NULL),(5825,6831,31,'2015-09-30',1,NULL,NULL,NULL),(5826,6884,21,'2015-09-30',1,NULL,NULL,NULL),(5827,6639,696,'2015-09-30',20,NULL,NULL,NULL),(5828,7281,70,'2015-10-01',2,NULL,NULL,NULL),(5829,7512,52,'2015-10-01',1,NULL,NULL,NULL),(5830,7520,7,'2015-10-01',5,NULL,NULL,NULL),(5831,7307,144,'2015-10-02',3,NULL,NULL,NULL),(5832,7304,58,'2015-10-02',2,NULL,NULL,NULL),(5833,7310,19,'2015-10-03',1,NULL,NULL,NULL),(5834,6829,31,'2015-10-05',1,NULL,NULL,NULL),(5835,7300,20,'2015-10-05',1,NULL,NULL,NULL),(5836,7512,52,'2015-10-05',1,NULL,NULL,NULL),(5837,6981,61,'2015-10-06',1,NULL,NULL,NULL),(5838,6611,38,'2015-10-06',1,NULL,NULL,NULL),(5839,7440,52,'2015-10-06',1,NULL,NULL,NULL),(5840,6611,38,'2015-10-06',1,NULL,NULL,NULL),(5841,7309,39,'2015-10-06',1,NULL,NULL,NULL),(5842,6611,38,'2015-10-06',1,NULL,NULL,NULL),(5843,6845,156,'2015-10-06',21,NULL,NULL,NULL),(5844,6701,3,'2015-10-06',2,NULL,NULL,NULL),(5845,6695,521,'2015-10-06',4,NULL,NULL,NULL),(5846,6630,106,'2015-10-07',1,NULL,NULL,NULL),(5847,6631,20,'2015-10-07',1,NULL,NULL,NULL),(5848,6808,22,'2015-10-07',1,NULL,NULL,NULL),(5849,6829,31,'2015-10-07',1,NULL,NULL,NULL),(5850,7611,28,'2015-10-07',1,NULL,NULL,NULL),(5851,7516,76,'2015-10-10',2,NULL,NULL,NULL),(5852,7546,30,'2015-10-10',1,NULL,NULL,NULL),(5853,7629,58,'2015-10-10',1,NULL,NULL,NULL),(5854,6789,122,'2015-10-10',3,NULL,NULL,NULL),(5855,7505,10,'2015-10-12',2,NULL,NULL,NULL),(5856,6909,19,'2015-10-12',1,NULL,NULL,NULL),(5857,6738,146,'2015-10-12',1,NULL,NULL,NULL),(5858,6884,21,'2015-10-13',1,NULL,NULL,NULL),(5859,6754,16,'2015-10-13',1,NULL,NULL,NULL),(5860,6909,19,'2015-10-13',1,NULL,NULL,NULL),(5861,7444,1825,'2015-10-13',4,NULL,NULL,NULL),(5862,7300,40,'2015-10-14',2,NULL,NULL,NULL),(5863,7299,33,'2015-10-14',1,NULL,NULL,NULL),(5864,7511,39,'2015-10-14',1,NULL,NULL,NULL),(5865,6705,63,'2015-10-14',1,NULL,NULL,NULL),(5866,6744,136,'2015-10-14',1,NULL,NULL,NULL),(5867,6781,36,'2015-10-14',3,NULL,NULL,NULL),(5868,6783,27,'2015-10-14',3,NULL,NULL,NULL),(5869,6980,24,'2015-10-15',1,NULL,NULL,NULL),(5870,6611,38,'2015-10-15',1,NULL,NULL,NULL),(5871,7393,38,'2015-10-15',1,NULL,NULL,NULL),(5872,7534,333,'2015-10-15',2,NULL,NULL,NULL),(5873,6830,31,'2015-10-15',1,NULL,NULL,NULL),(5874,7593,39,'2015-10-15',1,NULL,NULL,NULL),(5875,6831,31,'2015-10-15',1,NULL,NULL,NULL),(5876,6722,22,'2015-10-17',1,NULL,NULL,NULL),(5877,7564,60,'2015-10-17',1,NULL,NULL,NULL),(5878,7519,7,'2015-10-17',3,NULL,NULL,NULL),(5879,6752,148,'2015-10-17',2,NULL,NULL,NULL),(5880,7470,88,'2015-10-17',1,NULL,NULL,NULL),(5881,7584,18,'2015-10-19',1,NULL,NULL,NULL),(5882,7396,107,'2015-10-19',6,NULL,NULL,NULL),(5883,7299,33,'2015-10-19',1,NULL,NULL,NULL),(5884,6752,74,'2015-10-19',1,NULL,NULL,NULL),(5885,7588,67,'2015-10-19',1,NULL,NULL,NULL),(5886,7610,28,'2015-10-19',1,NULL,NULL,NULL),(5887,7625,36,'2015-10-19',1,NULL,NULL,NULL),(5888,7313,19,'2015-10-19',1,NULL,NULL,NULL),(5889,7438,63,'2015-10-20',1,NULL,NULL,NULL),(5890,7505,5,'2015-10-20',1,NULL,NULL,NULL),(5891,6980,47,'2015-10-20',1,NULL,NULL,NULL),(5892,7304,58,'2015-10-20',2,NULL,NULL,NULL),(5893,7517,18,'2015-10-20',1,NULL,NULL,NULL),(5894,7526,29,'2015-10-21',1,NULL,NULL,NULL),(5895,7524,1,'2015-10-21',1,NULL,NULL,NULL),(5896,7439,120,'2015-10-21',1,NULL,NULL,NULL),(5897,6752,74,'2015-10-21',1,NULL,NULL,NULL),(5898,7477,7,'2015-10-21',1,NULL,NULL,NULL),(5899,6831,31,'2015-10-21',1,NULL,NULL,NULL),(5900,6631,20,'2015-10-21',1,NULL,NULL,NULL),(5901,6723,32,'2015-10-21',1,NULL,NULL,NULL),(5902,7438,63,'2015-10-21',1,NULL,NULL,NULL),(5903,6561,4,'2015-10-21',1,NULL,NULL,NULL),(5904,7477,7,'2015-10-21',1,NULL,NULL,NULL),(5905,6576,10,'2015-10-22',1,NULL,NULL,NULL),(5906,6821,96,'2015-10-22',3,NULL,NULL,NULL),(5907,6659,16,'2015-10-22',1,NULL,NULL,NULL),(5908,7262,19,'2015-10-22',1,NULL,NULL,NULL),(5909,7208,99,'2015-10-22',2,NULL,NULL,NULL),(5910,6816,26,'2015-10-22',1,NULL,NULL,NULL),(5911,6831,124,'2015-10-22',4,NULL,NULL,NULL),(5912,7322,37,'2015-10-22',2,NULL,NULL,NULL),(5913,7395,60,'2015-10-22',3,NULL,NULL,NULL),(5914,6830,31,'2015-10-23',1,NULL,NULL,NULL),(5915,6781,12,'2015-10-23',1,NULL,NULL,NULL),(5916,6783,9,'2015-10-23',1,NULL,NULL,NULL),(5917,6785,52,'2015-10-23',1,NULL,NULL,NULL),(5918,6787,23,'2015-10-23',1,NULL,NULL,NULL),(5919,7511,79,'2015-10-23',2,NULL,NULL,NULL),(5920,7515,38,'2015-10-23',1,NULL,NULL,NULL),(5921,7512,52,'2015-10-23',1,NULL,NULL,NULL),(5922,7511,39,'2015-10-23',1,NULL,NULL,NULL),(5923,7514,38,'2015-10-23',1,NULL,NULL,NULL),(5924,7512,52,'2015-10-23',1,NULL,NULL,NULL),(5925,7547,48,'2015-10-24',1,NULL,NULL,NULL),(5926,7406,130,'2015-10-24',1,NULL,NULL,NULL),(5927,7611,28,'2015-10-24',1,NULL,NULL,NULL),(5928,7074,24,'2015-10-24',1,NULL,NULL,NULL),(5929,7395,20,'2015-10-26',1,NULL,NULL,NULL),(5930,7305,19,'2015-10-26',2,NULL,NULL,NULL),(5931,7547,48,'2015-10-26',1,NULL,NULL,NULL),(5932,7309,39,'2015-10-27',1,NULL,NULL,NULL),(5933,7306,25,'2015-10-27',1,NULL,NULL,NULL),(5934,6769,67,'2015-10-27',1,NULL,NULL,NULL),(5935,7091,169,'2015-10-27',6,NULL,NULL,NULL),(5936,6754,16,'2015-10-28',1,NULL,NULL,NULL),(5937,7505,5,'2015-10-28',1,NULL,NULL,NULL),(5938,7510,42,'2015-10-28',1,NULL,NULL,NULL),(5939,6885,39,'2015-10-28',1,NULL,NULL,NULL),(5940,6722,22,'2015-10-29',1,NULL,NULL,NULL),(5941,7324,19,'2015-10-29',1,NULL,NULL,NULL),(5942,6830,31,'2015-10-29',1,NULL,NULL,NULL),(5943,6792,7,'2015-10-30',1,NULL,NULL,NULL),(5944,7610,28,'2015-10-30',1,NULL,NULL,NULL),(5945,6621,195,'2015-10-30',2,NULL,NULL,NULL),(5946,6694,130,'2015-10-30',1,NULL,NULL,NULL),(5947,7516,76,'2015-10-30',2,NULL,NULL,NULL),(5948,7322,56,'2015-10-30',3,NULL,NULL,NULL),(5949,6621,98,'2015-11-01',1,NULL,NULL,NULL),(5950,6630,106,'2015-11-01',1,NULL,NULL,NULL),(5951,6612,35,'2015-11-03',1,NULL,NULL,NULL),(5952,7439,120,'2015-11-03',1,NULL,NULL,NULL),(5953,6621,98,'2015-11-04',1,NULL,NULL,NULL),(5954,6884,21,'2015-11-04',1,NULL,NULL,NULL),(5955,6621,195,'2015-11-04',2,NULL,NULL,NULL),(5956,7092,338,'2015-11-05',12,NULL,NULL,NULL),(5957,7305,10,'2015-11-05',1,NULL,NULL,NULL),(5958,7304,87,'2015-11-06',3,NULL,NULL,NULL),(5959,6685,74,'2015-11-06',10,NULL,NULL,NULL),(5960,7443,0,'2015-11-06',4,NULL,NULL,NULL),(5961,7517,18,'2015-11-06',1,NULL,NULL,NULL),(5962,6819,76,'2015-11-07',2,NULL,NULL,NULL),(5963,6829,62,'2015-11-07',2,NULL,NULL,NULL),(5964,6612,52,'2015-11-07',2,NULL,NULL,NULL),(5965,6752,74,'2015-11-07',1,NULL,NULL,NULL),(5966,6887,30,'2015-11-07',1,NULL,NULL,NULL),(5967,6830,31,'2015-11-07',1,NULL,NULL,NULL),(5968,7091,169,'2015-11-09',6,NULL,NULL,NULL),(5969,7322,19,'2015-11-09',1,NULL,NULL,NULL),(5970,6621,391,'2015-11-09',4,NULL,NULL,NULL),(5971,7539,6,'2015-11-09',2,NULL,NULL,NULL),(5972,7539,6,'2015-11-09',2,NULL,NULL,NULL),(5973,7520,1,'2015-11-09',1,NULL,NULL,NULL),(5974,6749,141,'2015-11-09',1,NULL,NULL,NULL),(5975,6929,58,'2015-11-09',1,NULL,NULL,NULL),(5976,6749,141,'2015-11-09',1,NULL,NULL,NULL),(5977,7543,19,'2015-11-09',2,NULL,NULL,NULL),(5978,6752,74,'2015-11-09',1,NULL,NULL,NULL),(5979,7444,1369,'2015-11-09',3,NULL,NULL,NULL),(5980,6690,33,'2015-11-09',5,NULL,NULL,NULL),(5981,6621,98,'2015-11-09',1,NULL,NULL,NULL),(5982,6623,93,'2015-11-09',2,NULL,NULL,NULL),(5983,7481,11,'2015-11-10',3,NULL,NULL,NULL),(5984,6909,19,'2015-11-10',1,NULL,NULL,NULL),(5985,7438,63,'2015-11-11',1,NULL,NULL,NULL),(5986,6611,38,'2015-11-11',1,NULL,NULL,NULL),(5987,6576,10,'2015-11-11',1,NULL,NULL,NULL),(5988,6621,98,'2015-11-11',1,NULL,NULL,NULL),(5989,7210,21,'2015-11-11',1,NULL,NULL,NULL),(5990,6752,148,'2015-11-11',2,NULL,NULL,NULL),(5991,6744,136,'2015-11-11',1,NULL,NULL,NULL),(5992,6723,32,'2015-11-12',1,NULL,NULL,NULL),(5993,6754,16,'2015-11-12',1,NULL,NULL,NULL),(5994,6829,31,'2015-11-12',1,NULL,NULL,NULL),(5995,6576,10,'2015-11-12',1,NULL,NULL,NULL),(5996,6723,32,'2015-11-12',1,NULL,NULL,NULL),(5997,7307,48,'2015-11-12',1,NULL,NULL,NULL),(5998,6952,58,'2015-11-13',1,NULL,NULL,NULL),(5999,6816,26,'2015-11-13',1,NULL,NULL,NULL),(6000,6921,26,'2015-11-13',1,NULL,NULL,NULL),(6001,6878,96,'2015-11-13',1,NULL,NULL,NULL),(6002,7300,80,'2015-11-13',4,NULL,NULL,NULL),(6003,7074,24,'2015-11-13',1,NULL,NULL,NULL),(6004,7611,28,'2015-11-14',1,NULL,NULL,NULL),(6005,7610,28,'2015-11-14',1,NULL,NULL,NULL),(6006,7568,39,'2015-11-14',1,NULL,NULL,NULL),(6007,7572,96,'2015-11-14',1,NULL,NULL,NULL),(6008,7579,53,'2015-11-14',1,NULL,NULL,NULL),(6009,7480,4,'2015-11-14',1,NULL,NULL,NULL),(6010,7479,1,'2015-11-14',1,NULL,NULL,NULL),(6011,7444,22815,'2015-11-16',50,NULL,NULL,NULL),(6012,7293,264,'2015-11-16',2,NULL,NULL,NULL),(6013,7610,28,'2015-11-16',1,NULL,NULL,NULL),(6014,7268,109,'2015-11-16',1,NULL,NULL,NULL),(6015,6753,90,'2015-11-16',1,NULL,NULL,NULL),(6016,6829,31,'2015-11-17',1,NULL,NULL,NULL),(6017,6621,195,'2015-11-17',2,NULL,NULL,NULL),(6018,7506,21,'2015-11-17',2,NULL,NULL,NULL),(6019,7506,10,'2015-11-18',1,NULL,NULL,NULL),(6020,6686,13,'2015-11-18',2,NULL,NULL,NULL),(6021,6685,7,'2015-11-18',1,NULL,NULL,NULL),(6022,6687,5,'2015-11-18',1,NULL,NULL,NULL),(6023,7400,47,'2015-11-18',1,NULL,NULL,NULL),(6024,6685,37,'2015-11-18',5,NULL,NULL,NULL),(6025,6808,22,'2015-11-18',1,NULL,NULL,NULL),(6026,7324,19,'2015-11-18',1,NULL,NULL,NULL),(6027,6830,62,'2015-11-18',2,NULL,NULL,NULL),(6028,6567,24,'2015-11-18',1,NULL,NULL,NULL),(6029,7322,37,'2015-11-19',2,NULL,NULL,NULL),(6030,6561,4,'2015-11-19',1,NULL,NULL,NULL),(6031,7306,50,'2015-11-19',2,NULL,NULL,NULL),(6032,7304,58,'2015-11-20',2,NULL,NULL,NULL),(6033,6686,20,'2015-11-20',3,NULL,NULL,NULL),(6034,6611,38,'2015-11-20',1,NULL,NULL,NULL),(6035,7610,28,'2015-11-20',1,NULL,NULL,NULL),(6036,7300,20,'2015-11-20',1,NULL,NULL,NULL),(6037,7395,20,'2015-11-20',1,NULL,NULL,NULL),(6038,6910,104,'2015-11-20',2,NULL,NULL,NULL),(6039,6752,74,'2014-11-21',1,NULL,NULL,NULL),(6040,7074,49,'2014-11-21',2,NULL,NULL,NULL),(6041,6738,146,'2014-11-21',1,NULL,NULL,NULL),(6042,6829,31,'2014-11-21',1,NULL,NULL,NULL),(6043,7308,249,'2015-11-23',4,NULL,NULL,NULL),(6044,7483,7,'2015-11-23',1,NULL,NULL,NULL),(6045,7520,9,'2015-11-23',6,NULL,NULL,NULL),(6046,7306,50,'2015-11-23',2,NULL,NULL,NULL),(6047,7300,20,'2015-11-23',1,NULL,NULL,NULL),(6048,6611,302,'2015-11-24',8,NULL,NULL,NULL),(6053,6801,240,'2016-02-27',24,NULL,0,NULL),(6054,6802,312,'2016-02-27',24,NULL,0,NULL),(6055,7638,189,'2016-02-27',1,NULL,0,NULL),(6056,7304,78,'2016-02-29',2,NULL,0,NULL),(6057,6754,22,'2016-02-29',1,NULL,0,NULL),(6058,6829,84,'2016-02-29',2,NULL,0,NULL),(6059,7694,13,'2016-02-29',1,NULL,0,NULL),(6060,7694,13,'2016-02-29',1,NULL,0,NULL),(6061,6605,16,'2016-02-29',2,NULL,0,NULL),(6062,7692,35,'2016-02-29',1,NULL,0,NULL),(6063,6564,10,'2016-02-29',2,NULL,0,NULL),(6064,6606,7,'2016-02-29',1,NULL,0,NULL),(6065,6607,12,'2016-02-29',1,NULL,0,NULL),(6066,7703,7,'2016-02-29',1,NULL,0,NULL),(6067,7704,8,'2016-02-29',1,NULL,0,NULL),(6068,6565,4,'2016-02-29',1,NULL,0,NULL),(6069,6753,121,'2016-02-29',1,NULL,0,NULL),(6070,7683,27,'2016-02-29',4,NULL,0,NULL),(6071,6607,24,'2016-02-29',2,NULL,0,NULL),(6072,7676,40,'2016-02-29',1,NULL,0,NULL),(6073,7684,21,'2016-02-29',1,NULL,0,NULL),(6074,7611,38,'2016-02-29',1,NULL,0,NULL),(6075,6567,32,'2016-02-29',1,NULL,1,9),(6076,7676,40,'2016-02-29',1,NULL,1,9),(6077,7675,64,'2016-02-29',1,NULL,1,9),(6078,7683,27,'2016-02-29',4,NULL,1,9),(6079,7701,31,'2016-02-29',2,NULL,1,9),(6080,6567,32,'2016-02-29',1,NULL,1,9),(6081,7651,0,'2016-02-29',1,NULL,1,8),(6082,7451,145,'2016-02-29',1,NULL,1,8),(6083,7662,0,'2016-02-29',1,NULL,1,8),(6084,6576,28,'2016-02-29',2,NULL,0,NULL),(6085,7682,27,'2016-02-29',2,NULL,0,NULL),(6086,7676,40,'2016-02-29',1,NULL,0,NULL),(6087,6605,16,'2016-02-29',2,NULL,0,NULL),(6088,7683,14,'2016-02-29',2,NULL,0,NULL),(6089,7698,28,'2016-02-29',2,NULL,0,NULL),(6090,7516,102,'2016-02-29',2,NULL,0,NULL),(6091,7693,59,'2016-02-29',2,NULL,0,NULL),(6092,6565,8,'2016-02-29',2,NULL,0,NULL),(6093,6588,6,'2016-02-29',2,NULL,0,NULL),(6094,6584,37,'2016-02-29',1,NULL,0,NULL),(6095,6806,33,'2016-03-01',1,NULL,0,NULL),(6096,7303,30,'2016-03-01',2,NULL,0,NULL),(6097,7075,22,'2016-03-01',1,NULL,0,NULL),(6098,7723,6,'2016-03-01',2,NULL,0,NULL),(6099,7690,25,'2016-03-01',2,NULL,0,NULL),(6100,6687,14,'2016-03-01',2,NULL,0,NULL),(6101,6830,42,'2016-03-01',1,NULL,0,NULL),(6102,6607,12,'2016-03-01',1,NULL,0,NULL),(6103,7717,35,'2016-03-01',1,NULL,0,NULL),(6104,7717,35,'2016-03-01',1,NULL,1,5),(6105,7702,19,'2016-03-01',1,NULL,1,5),(6106,7707,17,'2016-03-01',1,NULL,1,5),(6107,6588,3,'2016-03-01',1,NULL,1,5),(6108,6597,8,'2016-03-01',1,NULL,1,5),(6109,6607,12,'2016-03-01',1,NULL,1,5),(6110,6564,5,'2016-03-01',1,NULL,1,5),(6111,7701,15,'2016-03-01',1,NULL,1,5),(6112,7676,40,'2016-03-01',1,NULL,1,5),(6113,7694,13,'2016-03-01',1,NULL,1,5),(6114,6584,37,'2016-03-01',1,NULL,0,NULL),(6115,6690,81,'2016-03-01',9,NULL,0,NULL),(6116,6754,22,'2016-03-01',1,NULL,0,NULL),(6117,7705,13,'2016-03-01',1,NULL,0,NULL),(6118,7709,16,'2016-03-01',1,NULL,0,NULL),(6119,7147,211,'2016-03-02',1,NULL,1,5),(6120,7303,15,'2016-03-02',1,NULL,1,5),(6121,7304,39,'2016-03-02',1,NULL,1,5),(6122,6690,81,'2016-03-02',9,NULL,0,NULL),(6123,6702,48,'2016-03-02',24,NULL,0,NULL),(6124,6818,51,'2016-03-02',1,NULL,0,NULL),(6125,7507,20,'2016-03-02',1,NULL,1,NULL),(6126,7684,21,'2016-03-02',1,NULL,0,NULL),(6127,7710,16,'2016-03-03',1,NULL,0,NULL),(6128,6799,228,'2016-03-03',12,NULL,0,NULL),(6129,7152,154,'2016-03-03',24,NULL,0,NULL),(6130,7159,96,'2016-03-03',24,NULL,0,NULL),(6131,7712,16,'2016-03-03',1,NULL,0,NULL),(6132,7692,35,'2016-03-03',1,NULL,0,NULL),(6133,6701,48,'2016-03-03',24,NULL,0,NULL),(6134,7489,22,'2016-03-04',1,NULL,0,NULL),(6135,6690,18,'2016-03-05',2,NULL,0,NULL),(6136,6928,37,'2016-03-05',1,NULL,0,NULL),(6137,7711,16,'2016-03-05',1,NULL,0,NULL),(6138,7550,162,'2016-03-05',1,NULL,0,NULL),(6139,7720,284,'2016-03-05',1,NULL,0,NULL),(6140,7308,71,'2016-03-05',1,NULL,0,NULL),(6141,6834,88,'2016-03-05',2,NULL,0,NULL),(6142,7074,33,'2016-03-05',1,NULL,0,NULL),(6143,7684,21,'2016-03-07',1,NULL,0,NULL),(6144,7703,7,'2016-03-07',1,NULL,0,NULL),(6145,7704,8,'2016-03-07',1,NULL,0,NULL),(6146,7152,19,'2016-03-07',3,NULL,0,NULL),(6147,7159,12,'2016-03-07',3,NULL,0,NULL),(6148,7672,432,'2016-03-07',1,NULL,1,NULL),(6149,7749,199,'2016-03-07',1,NULL,1,NULL),(6150,7751,30,'2016-03-07',1,NULL,1,NULL),(6151,7752,33,'2016-03-07',1,NULL,1,NULL),(6152,7750,178,'2016-03-07',1,NULL,1,NULL),(6153,7034,115,'2016-03-07',1,NULL,1,NULL),(6154,6754,22,'2016-03-07',1,NULL,0,NULL),(6155,6701,24,'2016-03-07',12,NULL,0,NULL),(6156,6621,264,'2016-03-07',2,NULL,0,NULL),(6157,6623,125,'2016-03-07',2,NULL,0,NULL),(6158,6961,28,'2016-03-07',1,NULL,0,NULL),(6159,7712,16,'2016-03-07',1,NULL,0,NULL),(6160,6690,45,'2016-03-07',5,NULL,0,NULL),(6161,6584,37,'2016-03-07',1,NULL,0,NULL),(6162,7480,10,'2016-03-07',2,NULL,0,NULL),(6163,6721,13,'2016-03-07',1,NULL,0,NULL),(6164,6805,3,'2016-03-07',1,NULL,0,NULL),(6165,7674,27,'2016-03-08',2,NULL,0,NULL),(6166,6834,44,'2016-03-08',1,NULL,0,6),(6167,7710,16,'2016-03-08',1,NULL,0,NULL),(6168,6621,132,'2016-03-09',1,NULL,1,15),(6169,7075,22,'2016-03-09',1,NULL,1,9),(6170,7676,40,'2016-03-09',1,NULL,0,NULL),(6171,7704,8,'2016-03-09',1,NULL,0,NULL),(6172,7701,15,'2016-03-09',1,NULL,0,NULL),(6173,6561,7,'2016-03-09',1,NULL,0,NULL),(6174,7020,8,'2016-03-09',4,NULL,0,NULL),(6175,6754,22,'2016-03-09',1,NULL,1,NULL),(6176,6690,27,'2016-03-09',3,NULL,1,NULL),(6177,7690,13,'2016-03-09',1,NULL,0,NULL),(6178,6690,90,'2016-03-10',10,NULL,0,NULL),(6179,6561,7,'2016-03-10',1,NULL,0,NULL),(6180,7703,7,'2016-03-10',1,NULL,0,NULL),(6181,7704,8,'2016-03-10',1,NULL,0,NULL),(6182,7519,3,'2016-03-10',1,NULL,1,NULL),(6183,7519,3,'2016-03-10',1,NULL,1,NULL),(6184,7703,7,'2016-03-10',1,NULL,0,NULL),(6185,6776,98,'2016-03-10',1,NULL,0,NULL),(6186,7694,13,'2016-03-10',1,NULL,0,NULL),(6187,6777,75,'2016-03-10',1,NULL,0,NULL),(6188,7519,24,'2016-03-10',8,NULL,0,NULL),(6189,7075,22,'2016-03-11',1,NULL,0,NULL),(6190,6606,7,'2016-03-11',1,NULL,0,NULL),(6191,7684,21,'2016-03-11',1,NULL,1,NULL),(6192,7153,23,'2016-03-11',2,NULL,0,NULL),(6193,7160,10,'2016-03-11',2,NULL,0,NULL),(6194,7152,19,'2016-03-11',3,NULL,0,NULL),(6195,7159,12,'2016-03-11',3,NULL,0,NULL),(6196,6721,13,'2016-03-11',1,NULL,0,NULL),(6197,6684,67,'2016-03-11',4,NULL,0,NULL),(6198,6799,190,'2016-03-11',10,NULL,0,NULL),(6199,7741,38,'2016-03-11',1,NULL,0,NULL),(6200,6809,24,'2016-03-11',1,NULL,0,NULL),(6201,6808,30,'2016-03-11',1,NULL,0,NULL),(6202,7025,325,'2016-03-11',1,NULL,0,NULL),(6203,7511,53,'2016-03-12',1,NULL,0,NULL),(6204,7655,0,'2016-03-12',1,NULL,0,NULL),(6205,7655,0,'2016-03-12',1,NULL,0,NULL),(6206,6700,24,'2016-03-12',12,NULL,0,NULL),(6207,6834,88,'2016-03-12',2,NULL,0,NULL),(6208,7107,271,'2016-03-14',1,NULL,1,17),(6209,7689,26,'2016-03-14',1,NULL,0,NULL),(6210,7678,46,'2016-03-14',1,NULL,0,NULL),(6211,7506,14,'2016-03-14',1,NULL,0,NULL),(6212,6928,37,'2016-03-14',1,NULL,0,NULL),(6213,7400,63,'2016-03-14',1,NULL,0,NULL),(6214,7506,14,'2016-03-14',1,NULL,0,NULL),(6215,6829,42,'2016-03-14',1,NULL,0,NULL),(6216,6810,33,'2016-03-14',1,NULL,0,NULL),(6217,6821,43,'2016-03-14',1,NULL,0,NULL),(6218,7684,62,'2016-03-14',3,NULL,1,22),(6219,7701,15,'2016-03-14',1,NULL,0,NULL),(6220,6884,38,'2016-03-15',2,NULL,0,NULL),(6221,7305,26,'2016-03-15',2,NULL,1,13),(6222,6647,19,'2016-03-15',1,NULL,0,NULL),(6223,6640,438,'2016-03-15',3,NULL,0,NULL),(6224,7711,16,'2016-03-15',1,NULL,0,NULL),(6225,6635,985,'2016-03-15',5,NULL,0,NULL),(6226,7545,31,'2016-03-15',1,NULL,0,NULL),(6227,7539,4,'2016-03-15',1,NULL,0,NULL),(6228,7540,8,'2016-03-15',1,NULL,0,NULL),(6229,7517,24,'2016-03-15',1,NULL,0,NULL),(6230,7542,4,'2016-03-15',1,NULL,0,NULL),(6231,6916,65,'2016-03-15',1,NULL,0,NULL),(6232,7736,79,'2016-03-16',1,NULL,1,NULL),(6233,6831,42,'2016-03-16',1,NULL,1,6),(6234,7675,64,'2016-03-16',1,NULL,0,NULL),(6235,7695,24,'2016-03-16',1,NULL,0,NULL),(6236,7683,27,'2016-03-16',4,NULL,0,NULL),(6237,6618,254,'2016-03-16',1,NULL,1,22),(6238,6830,42,'2016-03-16',1,NULL,1,22),(6239,6646,19,'2016-03-16',1,NULL,1,22),(6240,6606,7,'2016-03-16',1,NULL,1,15),(6241,7683,14,'2016-03-16',2,NULL,1,15),(6242,7674,13,'2016-03-16',1,NULL,1,15),(6243,6909,36,'2016-03-17',2,NULL,1,13),(6244,6751,182,'2016-03-17',1,NULL,0,NULL),(6245,7106,94,'2016-03-17',1,NULL,1,33),(6246,7676,40,'2016-03-17',1,NULL,1,33),(6247,7692,35,'2016-03-17',1,NULL,1,33),(6248,6567,32,'2016-03-17',1,NULL,1,33),(6249,7683,14,'2016-03-17',2,NULL,1,33),(6250,6690,36,'2016-03-17',4,NULL,0,NULL),(6251,7689,26,'2016-03-17',1,NULL,0,NULL),(6252,7322,50,'2016-03-17',2,NULL,0,NULL),(6253,7741,38,'2016-03-17',1,NULL,0,NULL),(6254,6684,101,'2016-03-17',6,NULL,0,NULL),(6255,6686,99,'2016-03-17',11,NULL,0,NULL),(6256,7697,86,'2016-03-17',1,NULL,0,NULL),(6257,6818,51,'2016-03-17',1,NULL,0,NULL),(6258,7396,48,'2016-03-17',2,NULL,0,NULL),(6259,7605,218,'2016-03-17',1,NULL,0,NULL),(6260,7313,25,'2016-03-17',1,NULL,1,16),(6261,7151,158,'2016-03-18',24,NULL,0,NULL),(6262,6679,46,'2016-03-18',1,NULL,1,NULL),(6263,7489,22,'2016-03-18',1,NULL,1,NULL),(6264,7075,22,'2016-03-19',1,NULL,0,NULL),(6265,6829,42,'2016-03-19',1,NULL,1,31),(6266,7678,46,'2016-03-21',1,NULL,1,18),(6267,7302,41,'2016-03-21',1,NULL,1,NULL),(6268,7299,45,'2016-03-21',1,NULL,0,NULL),(6269,7301,45,'2016-03-21',1,NULL,0,NULL),(6270,7305,26,'2016-03-21',2,NULL,1,29),(6271,7301,45,'2016-03-21',1,NULL,1,29),(6272,7299,45,'2016-03-21',1,NULL,1,29),(6273,6576,14,'2016-03-21',1,NULL,0,NULL),(6274,7517,24,'2016-03-21',1,NULL,0,NULL),(6275,7511,53,'2016-03-21',1,NULL,0,NULL),(6276,7511,106,'2016-03-21',2,NULL,0,NULL),(6277,6777,75,'2016-03-21',1,NULL,0,NULL),(6278,7712,16,'2016-03-21',1,NULL,0,NULL),(6279,6564,5,'2016-03-21',1,NULL,0,NULL);
/*!40000 ALTER TABLE `ventas` ENABLE KEYS */;
UNLOCK TABLES;
/*!40103 SET TIME_ZONE=@OLD_TIME_ZONE */;

/*!40101 SET SQL_MODE=@OLD_SQL_MODE */;
/*!40014 SET FOREIGN_KEY_CHECKS=@OLD_FOREIGN_KEY_CHECKS */;
/*!40014 SET UNIQUE_CHECKS=@OLD_UNIQUE_CHECKS */;
/*!40101 SET CHARACTER_SET_CLIENT=@OLD_CHARACTER_SET_CLIENT */;
/*!40101 SET CHARACTER_SET_RESULTS=@OLD_CHARACTER_SET_RESULTS */;
/*!40101 SET COLLATION_CONNECTION=@OLD_COLLATION_CONNECTION */;
/*!40111 SET SQL_NOTES=@OLD_SQL_NOTES */;

-- Dump completed on 2016-03-21 21:24:17
